d1_id,d2_id
106,0
106,2
106,4
106,8
106,13
106,26
106,91
106,93
106,259
106,337
134,0
160,0
288,0
365,0
434,0
1020,0
1021,0
1022,0
1023,0
134,1
134,2
134,4
134,8
134,9
134,10
134,11
134,13
134,26
134,91
134,93
134,337
134,450
160,2
160,4
160,8
160,13
160,26
160,91
160,93
160,337
288,2
288,4
288,9
288,10
288,13
288,24
288,25
288,26
288,91
288,93
288,337
288,891
365,1
365,8
365,9
365,11
365,17
365,81
365,109
365,114
365,126
365,168
365,270
365,473
365,477
365,689
434,1
434,2
434,4
434,8
434,10
434,13
434,24
434,26
434,91
434,93
434,337
434,382
434,912
1020,1
1020,2
1020,4
1020,8
1020,9
1020,10
1020,11
1020,13
1020,26
1020,91
1020,93
1020,337
1020,450
1021,1
1021,8
1021,9
1021,10
1021,13
1021,26
1021,91
1022,1
1022,2
1022,4
1022,8
1022,9
1022,10
1022,337
1022,903
1023,1
1023,4
1023,8
1023,9
295,1
953,1
1075,1
295,8
295,9
295,10
295,24
295,25
295,168
295,169
295,338
295,427
295,468
295,473
295,477
295,798
953,2
953,4
953,10
953,13
953,26
953,91
953,93
1075,9
1075,11
1075,17
1075,270
100,2
100,4
100,10
100,13
100,24
100,26
100,91
100,93
100,337
998,2
998,4
998,13
998,26
998,91
998,93
998,337
97,3
97,7
97,19
97,38
97,103
97,199
97,226
97,227
97,260
97,395
97,553
97,694
97,999
214,3
237,3
338,3
347,3
384,3
650,3
651,3
827,3
985,3
1008,3
214,14
214,38
214,226
214,227
214,553
237,14
237,38
237,553
237,692
237,937
338,38
338,259
338,285
338,325
338,328
338,329
338,356
338,375
338,395
338,425
338,460
338,818
338,1039
338,1066
347,14
347,19
347,23
347,94
347,263
347,275
347,280
347,365
347,394
347,426
347,429
347,540
347,720
347,1068
384,19
384,23
384,260
384,263
384,271
384,394
384,426
384,429
384,540
384,542
384,568
384,838
384,847
384,966
384,1068
650,14
650,94
650,734
650,738
650,823
650,827
650,869
650,883
650,886
650,1040
651,14
651,94
651,690
651,734
651,823
651,827
651,869
651,883
651,886
827,548
827,639
827,678
827,679
827,685
827,732
827,905
985,500
985,541
985,563
985,577
985,637
985,884
985,901
985,956
985,973
985,1026
985,1028
985,1062
1008,15
1008,375
1008,787
1008,913
311,5
311,284
311,371
311,380
311,418
311,428
311,462
311,491
311,492
311,633
311,980
311,999
311,1022
311,1037
311,1051
311,1052
312,5
406,5
465,5
468,5
615,5
825,5
851,5
860,5
861,5
312,364
312,380
312,418
312,474
312,475
312,491
312,492
312,633
406,380
406,418
406,474
406,475
406,488
406,491
406,492
465,7
465,380
465,418
465,491
465,516
465,564
465,565
465,566
465,567
465,568
465,569
465,636
465,662
465,697
465,893
465,914
465,988
465,1000
465,1007
465,1008
468,7
468,104
468,246
468,380
468,418
468,491
468,516
468,564
468,565
468,566
468,567
468,568
468,569
468,605
468,636
468,643
468,662
468,697
468,893
468,914
468,988
468,1000
468,1008
615,380
615,418
615,474
615,475
615,491
615,492
615,633
825,199
825,355
825,363
825,364
825,380
825,418
825,474
825,475
825,491
825,492
825,506
825,942
851,103
851,364
851,380
851,418
851,474
851,475
851,491
851,492
851,633
851,1030
860,103
860,364
860,380
860,418
860,474
860,475
860,491
860,492
860,633
860,697
861,103
861,205
861,364
861,380
861,418
861,454
861,474
861,475
861,491
861,492
861,633
53,6
53,116
53,124
53,147
53,300
53,894
88,6
196,6
392,6
585,6
662,6
776,6
887,6
922,6
988,6
997,6
1034,6
88,20
88,33
88,49
88,65
88,102
88,124
88,153
88,263
88,271
88,374
88,392
88,394
88,493
88,495
88,565
88,720
88,788
88,789
88,839
88,897
88,931
88,987
88,1001
88,1074
196,116
196,124
196,147
196,300
196,502
196,894
392,60
392,83
392,86
392,87
392,88
392,96
392,97
392,124
392,210
392,229
392,300
392,571
392,795
392,949
392,950
585,45
585,124
585,245
585,305
585,326
585,605
585,606
585,780
585,971
662,21
662,83
662,84
662,85
662,86
662,87
662,88
662,89
662,96
662,97
662,98
662,100
662,221
662,229
662,252
662,307
662,359
662,361
662,502
662,924
662,948
662,950
662,1035
776,96
776,97
776,104
776,116
776,124
776,221
776,252
776,269
776,300
776,795
776,916
776,953
776,1035
887,528
887,795
887,919
887,959
922,124
922,147
922,219
922,252
922,399
922,400
922,539
922,903
922,919
922,943
922,953
922,958
922,959
922,981
922,1035
988,67
988,77
988,104
988,243
988,246
988,257
988,326
988,409
988,485
988,643
997,67
997,77
997,104
997,243
997,246
997,257
997,326
997,354
997,357
997,388
997,401
997,409
997,466
997,485
997,643
997,780
1034,84
1034,85
1034,86
1034,87
1034,96
1034,97
1034,98
1034,100
1034,252
1034,268
1034,269
1034,442
1034,480
1034,486
1034,919
1034,924
1034,948
1034,949
1034,950
1034,1035
1034,1044
121,7
377,7
557,7
584,7
993,7
1016,7
1017,7
121,15
121,31
121,69
121,114
121,126
121,133
121,141
121,148
121,218
121,338
121,348
121,356
121,410
121,460
121,473
121,478
121,513
121,692
121,693
121,695
121,705
121,814
121,947
121,1073
377,185
377,355
377,362
377,363
377,393
377,731
557,19
557,51
557,114
557,126
557,270
557,279
557,338
557,472
557,477
584,15
584,29
584,30
584,31
584,260
584,261
584,439
993,16
993,114
993,199
993,338
993,366
993,419
993,428
993,633
993,705
993,935
993,980
993,998
993,1031
993,1051
993,1053
1016,11
1016,17
1016,81
1016,95
1016,109
1016,114
1016,126
1016,270
1016,338
1016,366
1016,473
1016,477
1016,998
1017,11
1017,17
1017,19
1017,81
1017,103
1017,109
1017,114
1017,126
1017,134
1017,168
1017,169
1017,270
1017,338
1017,364
1017,366
1017,427
1017,468
1017,473
1017,477
1017,633
1017,699
1017,798
1017,998
984,9
984,124
984,325
984,596
984,689
984,892
984,893
984,894
984,931
984,1007
984,1056
1015,10
1015,17
1015,24
1015,25
1015,81
1015,109
1015,168
1015,169
1015,427
1015,468
1015,472
1015,473
1015,477
1015,798
1015,966
344,11
461,11
778,11
1014,11
344,17
344,24
344,25
344,81
344,109
344,114
344,169
344,468
344,472
344,473
344,630
344,699
344,798
461,17
461,81
461,109
461,114
461,126
461,168
461,439
461,468
461,472
461,473
778,17
778,24
778,25
778,81
778,109
778,114
778,168
778,169
778,427
778,468
778,472
778,798
1014,17
1014,18
1014,19
1014,81
1014,109
1014,114
1014,126
1014,134
1014,168
1014,169
1014,338
1014,366
1014,427
1014,468
1014,472
1014,473
1014,477
1014,699
1014,798
1014,966
1014,998
2,12
2,33
2,129
2,199
2,366
2,394
2,426
2,740
13,12
52,12
59,12
111,12
638,12
159,12
218,12
306,12
477,12
510,12
13,16
13,58
13,62
13,191
13,192
13,194
13,196
13,198
13,204
13,207
13,309
13,346
13,348
13,362
13,552
13,631
13,748
13,749
13,750
13,851
13,897
52,61
52,125
52,256
52,261
52,355
59,16
59,31
59,165
59,166
59,998
111,243
111,351
111,354
111,971
111,1072
638,16
638,29
638,37
638,129
638,147
638,148
638,218
638,327
638,372
638,373
638,1012
638,1055
159,30
159,105
159,106
159,121
159,143
159,190
159,193
159,200
159,202
159,236
159,240
159,261
159,352
159,424
159,490
159,555
159,1042
159,1047
159,1073
218,16
218,165
218,355
218,731
306,16
306,110
306,115
306,117
306,118
306,123
306,186
306,187
306,238
306,239
306,377
306,378
306,381
306,395
306,410
306,455
306,998
477,287
477,355
477,425
477,427
477,437
477,438
477,506
477,507
477,740
477,818
477,1066
510,16
510,189
510,294
510,581
510,652
510,653
510,852
510,898
510,925
510,926
510,987
510,988
510,994
510,996
510,1000
510,1001
665,14
675,14
682,14
742,14
1059,14
665,634
665,637
665,645
665,654
665,701
665,706
665,715
665,718
665,884
665,900
665,901
665,905
665,1026
675,333
675,394
675,819
675,824
675,867
675,870
675,874
675,875
675,877
675,878
675,885
675,1036
675,1061
682,877
682,878
682,885
682,1036
742,879
742,884
742,1050
1059,94
1059,153
1059,184
1059,417
1059,488
1059,731
7,15
7,158
7,274
138,15
192,15
659,15
660,15
821,15
967,15
138,29
138,30
138,282
138,540
138,1073
138,1074
192,29
192,178
192,260
192,261
192,439
192,477
192,943
192,986
659,27
659,28
659,49
659,102
659,112
659,120
659,217
659,262
659,392
659,423
659,437
659,484
659,558
659,609
659,616
659,657
659,658
659,659
659,660
659,787
659,941
660,27
660,28
660,32
660,112
660,120
660,217
660,262
660,392
660,423
660,484
660,558
660,609
660,616
660,657
660,658
660,659
660,660
660,787
660,941
660,1039
821,29
821,375
821,787
821,916
821,1008
967,31
967,95
967,195
967,362
967,382
967,391
967,393
967,514
967,666
967,670
967,699
967,971
238,16
289,16
448,16
238,150
238,363
238,998
289,107
289,108
289,175
289,274
289,318
289,336
289,340
289,341
289,342
289,343
289,344
289,345
289,752
289,766
289,783
289,1058
289,1064
448,288
448,740
194,17
194,81
194,109
194,126
194,169
194,468
194,798
89,18
89,20
89,690
89,695
89,779
89,780
99,18
227,18
447,18
535,18
546,18
857,18
858,18
1068,18
99,20
99,161
227,93
227,123
227,364
227,540
227,596
227,695
447,335
447,892
447,893
447,1007
447,1033
447,1056
535,127
535,301
535,335
535,389
535,1033
546,189
546,236
546,326
546,581
546,582
546,583
546,652
546,653
546,736
546,852
546,910
546,994
857,123
857,327
857,373
857,462
857,842
857,843
857,844
857,954
857,960
857,972
857,1015
857,1016
857,1017
857,1022
857,1052
857,1065
857,1071
858,123
858,327
858,373
858,462
858,842
858,843
858,844
858,954
858,960
858,962
858,972
858,1015
858,1016
858,1017
858,1022
858,1037
858,1065
858,1071
1068,294
1068,326
1068,471
1068,581
1068,630
1068,838
1068,942
154,19
215,19
219,19
824,19
154,39
154,40
154,180
154,237
154,254
154,302
154,647
154,761
154,947
215,168
215,197
215,365
215,366
215,420
215,608
215,734
215,845
215,947
215,982
215,1020
219,82
219,115
219,133
219,141
219,153
219,222
219,224
219,253
219,281
219,302
219,365
219,366
219,410
219,429
219,454
219,457
219,486
219,608
219,735
219,814
219,947
824,338
824,364
824,1047
22,20
22,37
22,58
22,62
22,121
22,191
22,192
22,194
22,196
22,198
22,348
22,552
22,689
22,691
22,725
22,833
22,1047
36,20
127,20
128,20
178,20
322,20
420,20
36,39
36,208
36,225
36,230
36,264
36,476
36,481
36,482
36,1069
127,27
127,28
127,29
127,30
127,45
127,177
127,327
127,333
127,423
127,454
127,540
127,606
127,609
127,660
127,837
127,845
127,947
127,1013
128,27
128,28
128,29
128,30
128,37
128,216
128,327
128,609
128,660
128,691
128,1013
178,161
178,162
178,163
178,165
178,166
178,386
178,459
178,610
178,932
178,937
322,153
322,1022
322,1037
322,1052
420,164
420,166
420,206
420,210
420,222
420,230
420,272
420,289
420,292
420,299
420,320
420,339
420,386
420,397
420,398
420,445
420,476
420,527
420,705
420,1067
25,21
25,65
25,158
25,235
25,311
25,868
25,1029
96,21
141,21
142,21
201,21
226,21
253,21
869,21
955,21
973,21
96,82
96,83
96,84
96,85
96,86
96,87
96,88
96,89
96,96
96,97
96,98
96,99
96,128
96,229
96,252
96,397
96,398
96,417
96,458
96,838
96,924
96,948
96,949
96,950
96,1035
96,1070
141,60
141,64
141,149
141,158
141,170
141,189
141,210
141,242
141,255
141,290
141,308
141,311
141,324
141,332
141,353
141,431
141,464
141,488
141,554
141,571
141,933
141,1027
142,31
142,60
142,64
142,66
142,116
142,136
142,139
142,146
142,149
142,158
142,170
142,172
142,189
142,210
142,242
142,255
142,266
142,290
142,308
142,324
142,332
142,353
142,431
142,467
142,518
142,554
142,571
142,722
142,868
142,933
142,1027
201,41
201,43
201,179
201,180
201,213
201,276
201,277
201,508
201,512
201,647
201,687
201,857
201,869
201,882
201,883
201,886
226,70
226,80
226,132
226,244
226,250
226,405
226,430
226,432
226,433
226,434
226,447
226,511
226,573
226,603
226,604
226,916
253,80
253,159
253,244
253,390
253,404
253,405
253,432
253,433
253,434
253,447
253,512
253,573
253,603
253,619
253,835
253,916
869,123
869,124
869,395
869,596
869,837
955,84
955,85
955,88
955,89
955,98
955,99
955,116
955,229
955,268
955,269
955,528
955,924
955,948
955,953
955,958
955,959
973,128
973,132
973,159
973,163
973,245
973,291
973,305
973,390
973,411
973,430
973,458
973,464
973,467
973,481
973,533
973,836
973,982
973,983
973,1034
973,1075
1,22
1,41
1,43
1,77
1,147
1,148
1,150
1,151
1,154
1,264
1,276
1,288
1,388
1,695
1,713
1,891
1,1008
1,1038
324,22
467,22
560,22
629,22
635,22
711,22
719,22
721,22
724,22
1032,22
1074,22
324,151
324,288
324,360
324,555
324,781
324,789
467,151
467,237
467,363
467,422
467,459
467,461
467,590
467,591
467,592
467,943
560,65
560,422
560,436
560,555
560,556
560,638
560,644
560,686
560,703
560,728
560,744
560,745
560,746
560,747
560,782
560,816
560,817
560,848
560,849
560,872
560,934
560,1021
629,150
629,151
629,360
629,456
629,465
629,466
629,553
629,556
629,704
629,728
629,781
629,849
635,237
635,536
635,543
635,555
635,556
635,638
635,644
635,686
635,703
635,704
635,721
635,728
635,744
635,745
635,747
635,781
635,782
635,816
635,820
635,834
711,65
711,117
711,118
711,187
711,200
711,279
711,280
711,422
711,555
711,556
711,631
711,638
711,644
711,686
711,704
711,721
711,728
711,781
711,782
711,834
711,848
711,899
711,944
711,1041
719,879
719,880
719,940
719,1005
719,1050
721,880
721,1005
721,1050
724,147
724,148
724,288
724,590
724,916
1032,237
1032,471
1032,508
1032,521
1032,555
1032,644
1032,686
1032,704
1032,721
1032,728
1032,781
1032,782
1032,820
1032,834
1032,899
1032,944
1032,1041
1032,1055
1074,148
63,23
63,963
63,964
165,23
294,23
442,23
449,23
452,23
457,23
1056,23
165,32
165,218
165,604
165,1027
294,146
294,188
294,737
294,847
294,850
294,966
294,1054
442,493
442,494
442,496
442,542
442,561
442,564
442,565
442,566
442,567
442,568
442,569
442,575
442,618
442,662
442,720
442,892
442,893
442,963
442,964
442,1007
449,247
449,359
449,493
449,494
449,495
449,496
449,497
449,498
449,542
449,567
449,568
449,569
449,662
449,720
449,789
449,957
449,963
449,964
449,965
449,1030
449,1043
452,247
452,359
452,493
452,494
452,495
452,496
452,542
452,567
452,569
452,662
452,720
452,789
452,957
452,963
452,964
452,965
452,1030
457,247
457,493
457,494
457,496
457,497
457,498
457,499
457,542
457,567
457,568
457,569
457,720
457,914
457,963
457,964
457,965
457,1043
1056,247
1056,493
1056,494
1056,496
1056,963
1056,964
1056,1070
116,24
831,24
407,24
116,25
116,51
116,69
116,270
831,25
831,81
831,109
831,168
831,169
831,468
831,798
407,25
407,51
407,168
407,270
407,436
217,25
421,25
217,30
217,49
217,65
217,181
217,260
217,282
217,606
217,898
421,30
421,145
421,190
421,279
421,348
421,424
421,705
259,27
657,27
658,27
661,27
828,27
834,27
1030,27
259,28
259,103
259,120
259,123
259,217
259,262
259,287
259,540
259,845
259,927
657,28
657,112
657,120
657,217
657,262
657,372
657,375
657,423
657,436
657,484
657,558
657,609
657,616
657,657
657,658
657,659
657,660
657,792
657,793
657,941
657,947
657,980
658,28
658,49
658,112
658,120
658,217
658,262
658,287
658,325
658,327
658,375
658,392
658,423
658,425
658,436
658,484
658,558
658,609
658,616
658,657
658,658
658,659
658,660
658,793
658,845
658,941
658,996
658,1013
658,1066
661,28
661,112
661,120
661,423
661,484
661,605
661,606
661,609
661,616
661,657
661,658
661,659
661,660
828,103
828,120
828,285
828,287
828,328
828,329
828,425
828,437
828,438
828,506
828,507
828,643
828,818
828,1039
834,103
834,284
834,285
834,287
834,328
834,329
834,425
834,438
834,507
834,643
834,818
834,1039
1030,217
1030,392
1030,425
1030,437
1030,558
1030,892
1030,894
1030,1063
1030,1066
443,28
444,28
443,32
443,404
443,523
443,524
443,526
443,561
443,562
443,570
443,575
443,576
443,593
443,617
443,618
443,619
443,719
443,776
443,777
443,778
443,829
443,831
443,865
443,892
443,896
443,911
443,922
443,1033
444,32
444,404
444,523
444,524
444,526
444,561
444,562
444,570
444,575
444,576
444,617
444,618
444,619
444,719
444,776
444,777
444,778
444,829
444,831
444,865
444,892
444,895
444,911
444,922
444,1033
126,29
126,205
492,29
1064,29
492,33
492,263
492,271
492,517
492,518
492,611
1064,103
1064,134
1064,227
1064,284
1064,474
1064,475
1064,506
40,30
40,33
40,37
40,54
40,105
40,106
40,140
40,203
40,337
40,372
40,489
40,522
40,740
40,791
40,794
40,1048
58,30
275,30
974,30
58,65
58,102
58,274
58,582
58,583
58,1037
58,1052
58,1074
275,106
275,200
275,253
275,280
275,737
275,852
275,936
974,65
974,105
974,106
974,143
974,152
974,200
974,204
974,282
974,558
974,560
974,631
974,744
974,820
974,822
974,866
974,898
974,974
974,1024
974,1025
974,1042
974,1046
974,1047
14,31
14,35
14,44
14,56
14,69
14,78
14,333
14,481
14,947
14,1013
14,1039
21,31
119,31
199,31
429,31
21,55
21,193
21,205
21,1047
119,47
119,48
119,75
119,119
119,122
119,254
119,263
119,264
119,271
119,306
119,402
119,602
119,647
119,676
119,813
119,982
119,1009
199,61
199,66
199,125
199,233
199,256
199,261
199,292
199,307
199,359
199,1044
429,39
429,40
429,51
429,66
429,68
429,69
429,279
429,348
429,397
429,398
429,439
429,486
429,891
429,1027
429,1072
171,32
752,32
252,32
325,32
351,32
475,32
171,45
171,129
171,605
171,606
752,33
752,203
752,372
752,517
752,519
752,521
752,702
752,817
752,982
252,33
252,51
252,70
252,106
252,143
252,152
252,202
252,207
252,236
252,309
252,346
252,347
252,372
252,421
252,436
252,501
252,519
252,520
252,521
252,552
252,582
252,584
252,585
252,586
252,587
252,640
252,696
252,710
252,712
252,739
252,750
252,817
252,909
252,910
252,967
325,33
325,346
325,372
325,517
325,518
325,519
325,521
325,552
325,586
325,587
325,640
325,712
325,817
325,897
325,898
325,907
325,910
351,121
351,145
351,202
351,240
351,352
351,356
351,421
351,424
351,490
475,561
475,595
475,618
475,619
475,776
475,829
475,831
475,865
475,892
475,894
475,911
475,1007
475,1033
475,1056
609,33
731,33
1067,33
609,54
609,94
609,140
609,406
609,407
609,426
609,698
609,708
609,709
609,717
609,816
609,871
609,872
609,873
609,887
609,888
609,889
609,974
609,1010
609,1040
609,1045
609,1048
609,1049
731,54
731,117
731,231
731,387
731,426
731,428
731,450
731,555
731,556
731,638
731,644
731,686
731,703
731,721
731,728
731,746
731,747
731,816
731,848
731,849
731,872
731,899
731,927
731,934
1067,517
1067,611
9,34
9,35
9,57
9,144
9,174
9,176
9,742
9,743
11,34
32,34
145,34
250,34
293,34
329,34
408,34
762,34
994,34
11,35
11,50
11,57
11,144
11,158
11,171
11,174
11,176
11,237
11,288
11,590
11,592
11,743
11,761
11,947
32,35
32,50
32,57
32,107
32,137
32,144
32,174
32,176
32,307
32,449
32,624
32,625
32,628
32,711
32,742
32,743
32,947
145,35
145,50
145,57
145,138
145,144
145,171
145,174
145,176
145,288
145,590
145,742
145,743
250,50
250,57
250,136
250,137
250,138
250,139
250,173
250,235
250,265
250,295
250,296
250,331
250,448
250,449
250,503
250,504
250,505
250,614
250,620
250,621
250,622
250,624
250,625
250,628
250,629
250,711
250,1060
293,35
293,144
293,174
293,176
293,302
293,505
293,742
293,761
329,35
329,50
329,57
329,137
329,158
329,174
329,176
329,449
329,591
329,592
329,624
329,625
329,628
329,667
329,742
329,743
329,1060
408,144
408,311
408,450
762,140
762,158
762,208
762,383
762,449
762,503
762,504
762,614
762,620
762,621
762,622
762,624
762,625
762,626
762,627
762,628
762,629
762,1060
994,35
994,50
994,57
994,135
994,137
994,144
994,173
994,174
994,176
994,295
994,296
994,297
994,307
994,331
994,383
994,449
994,620
994,621
994,622
994,623
994,624
994,625
994,626
994,627
994,628
994,629
994,711
994,742
994,743
994,1060
152,35
190,35
152,136
152,139
152,158
152,173
152,208
152,265
152,295
152,296
152,311
152,331
152,622
152,711
190,44
190,50
190,56
190,57
190,136
190,137
190,139
190,173
190,174
190,176
190,274
190,295
190,331
190,448
190,449
190,503
190,504
190,590
190,591
190,592
190,614
190,620
190,621
190,622
190,624
190,625
190,628
190,629
190,711
190,743
34,36
34,163
34,165
34,166
34,330
34,388
34,467
78,36
179,36
184,36
415,36
416,36
417,36
592,36
611,36
791,36
805,36
78,80
78,129
78,130
78,132
78,232
78,244
78,307
78,333
78,404
78,405
78,433
78,434
78,447
78,488
78,573
78,603
78,604
78,667
78,779
179,38
179,44
179,161
179,162
179,164
179,165
179,166
179,291
179,330
179,379
179,386
179,527
179,610
179,932
179,1067
184,160
184,161
184,164
184,201
184,206
184,272
184,291
184,299
184,320
184,330
184,386
184,445
184,527
184,610
184,667
184,813
184,928
184,932
184,937
184,1009
184,1067
415,141
415,160
415,161
415,162
415,163
415,164
415,165
415,166
415,201
415,206
415,261
415,272
415,299
415,320
415,330
415,386
415,445
415,667
415,932
415,1067
416,160
416,161
416,162
416,163
416,164
416,165
416,184
416,206
416,291
416,299
416,320
416,330
416,417
416,527
416,610
416,612
416,613
416,912
416,932
416,1067
416,1075
417,159
417,160
417,162
417,163
417,222
417,245
417,272
417,291
417,305
417,330
417,390
417,411
417,445
417,458
417,527
417,610
417,612
417,779
417,780
417,915
417,929
417,930
417,931
417,932
417,1034
417,1067
417,1075
592,130
592,131
592,132
592,197
592,232
592,244
592,326
592,333
592,404
592,405
592,433
592,434
592,447
592,573
592,603
592,604
611,45
611,70
611,80
611,130
611,131
611,132
611,197
611,232
611,244
611,333
611,433
611,434
611,485
611,540
611,573
611,603
611,604
611,1075
791,128
791,130
791,131
791,159
791,184
791,232
791,244
791,266
791,390
791,405
791,411
791,417
791,430
791,433
791,434
791,447
791,458
791,1034
791,1075
805,128
805,130
805,131
805,132
805,159
805,205
805,232
805,390
805,430
805,458
805,493
805,495
805,513
805,694
805,788
805,983
805,986
805,1034
8,37
8,76
8,216
8,327
8,372
8,373
8,379
8,702
8,780
528,37
104,37
135,37
243,37
244,37
528,294
528,421
528,696
528,748
528,749
528,851
104,112
104,120
104,129
104,182
104,216
104,217
104,228
104,375
104,423
104,436
104,484
104,488
104,609
104,616
104,657
104,658
104,659
104,660
104,937
104,941
135,143
135,181
135,421
135,606
243,70
243,178
243,308
243,333
243,387
243,485
243,690
243,692
243,693
243,695
244,308
244,324
244,333
244,387
244,431
244,485
244,690
81,38
81,254
81,302
81,553
81,647
81,761
358,38
779,38
816,38
817,38
1052,38
358,162
358,185
358,221
358,241
358,260
358,292
358,302
358,338
358,379
358,543
358,613
358,673
358,707
358,937
358,999
779,141
779,197
779,210
779,241
779,260
779,280
779,348
779,734
779,735
779,935
816,284
816,497
816,498
816,788
816,789
816,792
816,999
817,284
817,497
817,498
817,788
817,789
817,1040
1052,103
1052,226
1052,364
1052,590
1052,633
1052,999
19,39
19,40
19,41
19,43
19,47
19,48
19,79
19,101
19,113
19,122
19,225
19,230
19,289
19,428
19,557
20,39
37,39
113,39
162,39
183,39
317,39
339,39
375,39
1051,39
20,40
20,43
20,79
20,122
20,150
20,891
37,107
37,108
37,134
37,167
37,278
37,310
37,312
37,385
37,796
37,797
37,846
113,40
113,101
113,113
113,222
113,225
113,230
113,476
113,481
113,832
113,855
162,110
162,115
162,141
183,113
183,278
183,310
183,762
183,830
183,846
183,855
183,1058
183,1069
317,259
317,302
317,999
339,40
339,113
339,397
339,855
375,44
375,56
375,107
375,113
375,167
375,175
375,343
375,1027
1051,40
1051,46
1051,52
1051,55
1051,59
1051,72
1051,74
1051,75
1051,79
1051,90
1051,119
1051,293
1051,303
1051,304
1051,306
1051,557
1051,602
1051,729
1051,813
1051,1068
27,40
28,40
65,40
167,40
359,40
27,43
27,47
27,48
27,92
27,119
27,122
27,258
27,513
27,591
27,602
27,814
28,41
28,47
28,48
28,119
28,122
28,258
28,513
28,814
28,841
65,46
65,47
65,52
65,55
65,72
65,73
65,74
65,119
65,293
65,303
65,304
65,602
65,729
167,43
167,46
167,52
167,55
167,71
167,72
167,73
167,74
167,79
167,90
167,119
167,122
167,155
167,156
167,157
167,293
167,303
167,304
167,396
167,729
359,42
359,46
359,47
359,48
359,52
359,55
359,59
359,71
359,72
359,73
359,74
359,92
359,119
359,155
359,156
359,157
359,293
359,303
359,304
359,306
359,557
359,676
359,688
359,729
359,869
29,41
30,41
50,41
60,41
114,41
164,41
612,41
633,41
29,43
29,358
29,868
30,43
30,358
30,868
50,55
50,82
50,178
50,193
50,205
50,228
50,480
50,486
50,559
50,814
50,841
50,931
50,955
50,1013
50,1029
50,1032
60,42
60,46
60,48
60,52
60,55
60,59
60,71
60,72
60,74
60,79
60,119
60,155
60,156
60,157
60,293
60,304
60,306
60,557
60,676
60,841
114,43
114,47
114,48
114,63
114,75
114,122
114,306
114,459
114,460
114,461
114,467
114,837
164,46
164,48
164,52
164,55
164,59
164,71
164,72
164,73
164,74
164,75
164,119
164,155
164,156
164,157
164,289
164,293
164,303
164,304
164,305
164,306
164,467
164,676
164,694
164,837
164,841
164,846
612,63
612,79
612,180
612,237
612,254
612,276
612,277
612,302
612,553
612,647
612,716
633,68
633,77
633,142
633,289
633,315
633,316
633,317
633,321
633,322
633,509
633,510
633,511
633,512
633,513
633,860
633,861
633,862
24,42
24,63
24,90
24,92
24,133
24,179
24,216
24,303
24,402
24,403
24,508
24,533
24,602
24,608
24,687
24,813
24,856
24,916
24,1009
1054,42
62,42
176,42
726,42
756,42
399,42
446,42
1054,154
1054,179
1054,180
1054,277
1054,283
1054,403
1054,435
1054,508
1054,687
1054,688
1054,716
1054,729
1054,882
62,46
62,47
62,48
62,52
62,55
62,59
62,72
62,74
62,75
62,79
62,92
62,119
62,155
62,156
62,293
62,303
62,304
62,306
62,403
62,557
62,676
62,716
62,729
62,837
176,46
176,47
176,48
176,52
176,55
176,59
176,71
176,72
176,73
176,74
176,119
176,155
176,156
176,157
176,293
176,303
176,304
176,306
176,396
176,557
176,676
176,729
726,45
726,90
726,92
726,283
726,289
726,304
726,402
726,403
726,435
726,557
726,602
726,605
726,606
726,716
726,729
726,738
726,1040
756,90
756,92
756,134
756,283
756,355
756,435
756,557
756,602
399,154
399,402
399,557
446,92
446,154
446,283
446,402
446,403
446,435
446,602
446,667
446,688
446,716
115,43
115,46
115,52
115,59
115,71
115,72
115,74
115,75
115,79
115,92
115,122
115,155
115,156
115,157
115,303
115,403
115,688
15,44
714,44
715,44
716,44
256,44
362,44
372,44
15,56
15,78
15,424
15,1013
714,56
714,167
714,385
714,713
714,784
714,796
714,797
715,56
715,167
715,385
715,713
715,784
715,796
715,797
716,56
716,113
716,167
716,385
716,713
716,796
256,56
256,136
256,137
256,139
256,173
256,228
256,235
256,265
256,295
256,296
256,297
256,298
256,356
256,382
256,384
256,448
256,505
256,622
256,623
256,626
256,627
256,711
256,1060
362,56
362,188
362,196
362,203
362,306
362,608
362,737
372,56
372,171
372,172
372,203
118,45
118,70
118,129
118,333
118,405
118,488
118,605
118,606
118,667
118,942
240,45
554,45
574,45
686,45
240,333
240,690
240,692
240,693
240,695
240,937
554,154
554,283
554,402
554,403
554,435
554,602
554,605
554,606
574,53
574,80
574,130
574,132
574,326
574,430
574,573
574,603
574,604
574,697
574,1023
574,1027
686,70
686,573
686,603
686,604
686,605
686,606
686,1023
170,46
430,46
170,52
170,59
170,71
170,72
170,74
170,122
170,155
170,156
170,157
170,676
430,52
430,55
430,71
430,72
430,73
430,74
430,119
430,155
430,156
430,157
430,293
430,303
430,304
430,306
430,676
430,729
430,1068
80,47
182,47
80,48
80,75
80,90
80,122
80,218
80,289
80,305
80,306
80,403
80,467
80,837
80,839
80,982
80,1009
182,141
182,160
182,161
182,162
182,163
182,165
182,201
182,206
182,272
182,299
182,320
182,330
182,396
182,445
182,1067
64,48
64,59
64,72
64,73
38,49
38,82
38,177
38,178
38,189
38,452
38,454
38,480
38,652
38,653
38,722
38,1029
38,1032
38,1073
38,1074
70,49
223,49
230,49
630,49
1066,49
70,102
70,221
70,937
70,1074
223,82
223,140
223,177
223,223
223,231
223,258
223,259
223,357
223,941
230,53
230,193
230,207
230,236
230,282
230,309
230,333
230,346
230,347
230,374
230,436
230,501
230,552
230,555
230,560
230,584
230,585
230,586
230,587
230,638
230,640
230,697
230,703
230,710
230,712
230,739
230,744
230,747
230,750
230,792
230,793
230,848
230,849
230,864
230,866
230,872
230,897
230,898
230,909
230,910
230,934
230,967
230,1024
230,1025
230,1042
230,1073
630,387
630,450
630,721
630,746
630,849
630,944
630,966
630,1021
1066,65
1066,102
1066,178
1066,495
1066,868
1066,1074
147,50
333,50
400,50
147,57
147,136
147,138
147,139
147,301
147,331
147,335
147,503
147,504
147,614
147,742
147,743
147,1033
333,57
333,135
333,138
333,144
333,171
333,174
333,176
333,237
333,265
333,387
333,590
333,591
333,592
333,742
333,743
400,151
400,173
400,274
400,295
400,296
400,297
400,331
400,383
400,449
400,503
400,504
400,591
400,592
400,614
400,620
400,621
400,622
400,623
400,624
400,625
400,626
400,627
400,628
400,629
400,711
400,925
400,1060
82,51
112,51
722,51
760,51
410,51
82,68
82,69
112,68
112,69
112,356
112,469
112,522
722,326
722,346
722,521
722,535
722,537
722,586
722,587
722,640
722,712
722,723
722,910
722,942
722,1041
760,68
760,69
760,101
760,208
760,279
760,932
410,633
0,53
0,193
0,205
0,361
0,697
0,937
561,53
562,53
572,53
150,53
241,53
251,53
257,53
561,105
561,106
561,143
561,152
561,200
561,202
561,309
561,421
561,750
561,967
562,105
562,106
562,143
562,152
562,200
562,202
562,207
562,421
562,710
572,70
572,193
572,203
572,205
572,372
572,506
572,543
572,601
572,697
572,794
150,193
150,205
150,697
150,1047
241,80
241,128
241,404
241,405
241,432
241,434
241,447
241,619
251,70
251,80
251,128
251,244
251,250
251,404
251,405
251,432
251,433
251,434
251,447
251,573
251,603
251,619
257,207
257,228
257,282
257,309
257,346
257,347
257,374
257,419
257,436
257,501
257,552
257,555
257,560
257,584
257,585
257,586
257,587
257,638
257,640
257,697
257,703
257,710
257,712
257,739
257,747
257,750
257,848
257,849
257,864
257,866
257,897
257,898
257,909
257,934
257,967
257,1024
257,1025
257,1042
655,54
684,54
692,54
790,54
809,54
852,54
889,54
655,601
655,740
655,794
655,935
692,406
692,407
692,426
692,429
692,661
692,672
692,698
692,708
692,709
692,717
692,822
692,871
692,872
692,873
692,887
692,888
692,889
692,927
692,1010
692,1045
692,1048
692,1049
790,267
790,406
790,407
790,426
790,661
790,672
790,698
790,708
790,709
790,717
790,746
790,747
790,816
790,871
790,872
790,873
790,887
790,888
790,889
790,934
790,1010
790,1021
790,1045
790,1049
809,177
809,205
809,258
809,406
809,407
809,661
809,672
809,698
809,709
809,717
809,839
809,871
809,873
809,887
809,888
809,889
809,927
809,1010
809,1045
809,1049
852,822
852,974
852,1046
889,259
889,794
889,1048
804,56
804,128
804,159
804,245
804,291
804,305
804,411
804,430
804,458
804,502
804,780
804,983
804,1034
3,58
3,62
3,143
3,145
3,191
3,192
3,194
3,196
3,198
3,202
3,204
3,309
3,486
3,560
3,582
3,583
3,631
3,696
3,700
3,710
3,739
3,748
3,749
3,750
3,817
3,833
3,851
3,864
3,866
3,897
3,967
3,1051
12,58
26,58
35,58
563,58
564,58
86,58
157,58
12,62
12,191
12,192
12,194
12,196
12,198
12,540
12,631
12,688
12,817
26,62
26,129
26,191
26,192
26,194
26,198
26,204
26,207
26,309
26,346
26,347
26,392
26,501
26,552
26,558
26,582
26,583
26,584
26,585
26,696
26,710
26,725
26,726
26,727
26,736
26,739
26,741
26,748
26,749
26,750
26,833
26,851
26,864
26,897
26,967
26,1042
35,62
35,145
35,192
35,194
35,196
35,204
35,631
35,1051
563,62
563,105
563,106
563,143
563,152
563,200
563,202
563,204
563,282
563,309
563,700
563,750
563,909
563,967
563,1024
563,1025
564,62
564,143
564,152
564,200
564,202
564,204
564,207
564,282
564,631
564,644
564,700
564,739
564,817
564,1021
564,1040
86,62
86,191
86,192
86,194
86,196
86,198
86,207
86,236
86,309
86,346
86,347
86,392
86,501
86,552
86,560
86,583
86,631
86,696
86,710
86,712
86,739
86,748
86,749
86,750
86,817
86,851
86,864
86,866
86,897
86,910
86,967
86,1051
157,62
157,191
157,192
157,194
157,196
157,198
157,204
157,236
157,347
157,560
157,631
157,700
157,739
157,866
157,1042
157,1047
1042,59
1042,75
1042,179
1042,276
1042,293
1042,694
1042,955
168,60
794,60
795,60
796,60
799,60
806,60
364,60
1009,60
168,61
168,64
168,170
168,189
168,242
168,255
168,290
168,308
168,324
168,332
168,353
168,431
168,554
168,571
168,933
794,61
794,64
794,66
794,125
794,149
794,210
794,233
794,256
794,261
794,292
794,465
794,722
794,1027
795,61
795,64
795,66
795,125
795,149
795,184
795,233
795,256
795,261
795,417
795,571
796,64
796,66
796,125
796,149
796,170
796,210
796,233
796,255
796,256
796,290
796,332
796,467
796,495
796,571
796,933
799,61
799,64
799,66
799,125
799,149
799,233
799,256
799,261
806,64
806,125
806,149
806,170
806,233
806,242
806,255
806,256
806,290
806,308
806,332
806,571
806,933
806,1027
806,1044
364,242
364,290
364,308
364,324
364,353
364,431
364,554
364,571
364,619
1009,66
1009,125
1009,149
1009,233
1009,247
1009,256
1009,356
1009,357
1009,1044
1043,61
1043,66
1043,185
1043,260
1043,365
1043,459
1043,460
1043,461
1043,478
1043,722
1043,835
1043,840
1043,906
1043,986
1043,1074
645,61
646,61
261,61
879,61
645,478
645,722
645,840
645,847
645,850
645,906
645,936
645,1018
645,1019
645,1020
645,1038
645,1054
645,1059
646,478
646,722
646,840
646,847
646,850
646,906
646,936
646,1018
646,1019
646,1038
646,1054
646,1059
261,242
261,255
261,332
261,353
261,513
261,554
261,1073
879,149
879,170
879,242
879,255
879,290
879,301
879,308
879,324
879,332
879,335
879,353
879,431
879,525
879,529
879,531
879,532
879,561
879,593
879,615
879,632
879,831
879,895
879,896
879,917
879,918
879,933
47,63
48,63
570,63
281,63
337,63
352,63
414,63
47,73
47,79
47,133
47,237
47,254
47,277
47,486
47,519
47,520
47,521
47,716
47,827
47,869
47,883
47,886
47,955
48,73
48,79
48,90
48,133
48,237
48,254
48,486
48,508
48,519
48,520
48,521
48,533
48,647
48,687
48,716
48,813
48,827
48,883
48,886
48,955
48,1009
570,283
570,435
570,508
570,716
570,729
570,882
281,179
281,180
281,276
281,277
281,460
281,647
281,687
281,869
281,882
281,883
281,886
337,179
337,180
337,209
337,276
337,277
337,283
337,435
337,508
337,647
337,687
337,882
352,154
352,289
352,302
352,467
352,557
352,716
414,75
414,115
414,141
414,160
414,161
414,186
414,188
414,218
414,238
414,239
414,273
414,289
414,376
414,381
414,410
414,452
414,460
414,470
414,557
414,735
414,740
54,64
208,64
208,131
208,149
208,170
208,242
208,255
208,290
208,324
208,332
208,353
208,390
208,431
208,488
208,554
208,933
547,65
549,65
624,65
547,189
547,274
547,294
547,581
547,582
547,583
549,189
549,274
549,294
549,581
549,582
549,583
549,852
624,191
624,192
624,198
624,387
624,422
624,436
624,638
624,644
624,686
624,703
624,713
624,744
624,745
624,746
624,747
624,816
624,817
624,848
624,872
624,934
624,944
624,1021
69,66
69,125
69,128
69,233
69,247
69,256
69,411
69,458
69,571
69,720
69,1034
69,1044
488,67
488,275
488,524
488,529
488,530
488,531
488,532
488,615
488,642
488,895
488,896
488,945
488,946
488,976
488,977
488,978
488,979
488,985
576,67
777,67
798,67
898,67
899,67
941,67
942,67
576,246
576,275
576,388
576,401
576,408
576,523
576,526
576,529
576,530
576,615
576,618
576,641
576,642
576,691
576,778
576,896
576,918
576,945
576,946
576,976
576,977
576,978
576,979
576,985
576,1030
777,104
777,243
777,246
777,257
777,354
777,409
777,485
777,643
777,649
777,650
798,104
798,243
798,246
798,257
798,409
798,643
798,649
798,650
898,430
898,530
898,531
898,532
898,572
898,593
898,594
898,641
898,945
898,976
898,977
898,979
899,430
899,529
899,531
899,532
899,641
899,946
899,976
941,104
941,246
941,529
941,615
941,641
941,642
941,643
941,917
941,918
941,945
941,946
941,976
941,977
941,978
941,997
941,1003
942,576
942,632
942,641
942,945
942,977
942,978
942,979
942,985
942,1002
942,1003
942,1030
942,1063
189,68
209,68
276,68
808,68
1029,68
189,69
189,101
189,225
189,245
189,264
189,837
209,121
209,185
209,218
209,223
209,240
209,362
209,391
209,469
209,490
209,666
209,670
209,787
209,913
276,228
276,301
276,335
276,374
276,389
276,486
276,543
276,1033
808,213
808,218
808,289
808,419
808,601
808,705
808,726
808,727
808,741
808,837
1029,169
1029,279
1029,427
1029,451
1029,469
1029,473
1029,477
1029,798
1038,69
1038,226
1038,264
1038,481
1038,1072
315,69
315,426
315,559
315,927
315,943
315,974
315,1046
315,1048
639,70
818,70
639,129
639,267
639,688
639,689
639,690
639,691
639,692
639,693
639,694
639,695
639,837
87,71
960,71
87,73
87,90
87,92
87,157
87,402
87,403
87,676
87,688
960,79
960,155
960,156
960,157
960,676
960,971
883,75
883,209
883,254
883,677
49,76
61,76
72,76
249,76
316,76
460,76
518,76
548,76
727,76
49,77
49,101
49,222
49,224
49,225
49,230
49,357
49,476
49,483
61,77
61,101
61,185
61,591
61,592
61,695
72,77
249,142
249,315
249,316
249,317
249,321
249,323
249,509
249,511
249,860
249,861
249,862
316,77
316,190
316,406
316,407
316,466
316,630
316,698
316,700
316,747
316,781
316,816
316,888
316,889
316,1010
316,1045
316,1049
460,142
460,315
460,318
460,321
460,322
460,323
460,509
460,860
460,861
460,862
518,111
518,243
518,257
518,351
518,354
518,479
518,523
518,524
518,525
518,526
518,597
518,714
518,920
518,922
518,951
548,142
548,315
548,316
548,318
548,322
548,323
548,855
548,860
548,861
727,77
727,315
727,318
727,322
727,323
727,509
539,77
539,319
539,371
539,536
539,537
539,578
539,588
539,589
539,907
539,908
539,926
938,78
811,78
952,78
698,78
954,78
376,78
761,78
123,78
938,363
938,912
938,1013
811,327
811,334
811,373
811,471
811,543
811,815
811,912
811,1055
952,260
952,334
952,815
952,912
952,930
952,943
952,1055
698,334
698,374
698,543
698,912
698,1012
698,1055
698,1072
954,334
954,912
954,998
954,1013
954,1055
376,334
376,815
376,838
376,912
761,307
761,327
761,374
761,543
761,815
761,912
761,943
761,1013
123,334
123,912
123,1013
123,1055
153,80
163,80
225,80
153,232
153,244
153,390
153,433
153,434
153,447
153,604
163,130
163,131
163,159
163,232
163,244
163,245
163,390
163,432
163,433
163,533
163,690
163,693
163,1072
225,244
225,250
225,432
225,433
225,434
225,573
225,603
225,604
225,916
83,82
604,82
124,82
216,82
982,82
83,177
83,196
83,197
83,476
83,986
604,142
604,178
604,228
604,316
604,317
604,321
604,480
604,509
604,510
604,511
604,512
604,513
604,841
604,862
604,1013
604,1029
604,1032
604,1073
216,153
216,177
216,178
216,197
216,263
216,271
216,280
216,365
216,366
216,476
216,480
216,517
216,608
216,722
216,982
216,986
216,1029
216,1032
982,359
982,641
982,896
982,921
982,945
982,946
982,976
982,977
982,979
982,1002
982,1003
92,83
92,85
92,252
92,268
92,269
92,1070
93,83
94,83
95,83
109,83
110,83
431,83
432,83
433,83
958,83
93,86
93,87
93,88
93,89
93,96
93,97
93,99
93,100
93,229
93,252
93,268
93,269
93,300
93,397
93,398
93,399
93,400
93,411
93,528
93,539
93,795
93,894
93,919
93,948
93,949
93,950
93,953
93,958
93,959
93,1035
93,1070
94,86
94,87
94,88
94,89
94,96
94,97
94,99
94,100
94,229
94,252
94,268
94,269
94,300
94,397
94,398
94,399
94,400
94,411
94,528
94,539
94,795
94,894
94,919
94,948
94,949
94,950
94,953
94,958
94,959
94,1035
94,1070
95,85
95,86
95,87
95,100
95,252
95,924
95,949
95,950
95,1070
109,84
109,85
109,98
109,99
109,100
109,494
109,924
109,963
109,964
109,1034
110,84
110,85
110,86
110,87
110,88
110,89
110,96
110,97
110,98
110,100
110,210
110,229
110,397
110,398
110,399
110,400
110,528
110,539
110,692
110,795
110,924
110,948
110,949
110,950
110,953
110,958
110,1070
431,86
431,89
431,96
431,97
431,100
431,227
431,268
431,269
431,300
431,528
431,949
431,1070
432,86
432,89
432,96
432,97
432,100
432,268
432,269
432,300
432,528
432,949
432,1070
433,84
433,85
433,86
433,88
433,89
433,96
433,97
433,98
433,99
433,100
433,229
433,252
433,268
433,269
433,300
433,528
433,533
433,924
433,948
433,949
433,1070
958,86
958,87
958,99
958,252
958,300
958,924
958,950
958,1035
90,84
90,98
90,252
90,268
90,269
90,397
90,398
90,953
90,1035
90,1070
956,84
957,84
956,98
956,99
956,116
956,268
956,269
956,528
956,924
956,949
956,953
956,958
956,959
957,87
957,98
957,99
957,116
957,268
957,269
957,528
957,924
957,950
957,953
957,958
957,959
91,85
91,86
91,252
91,268
91,269
91,1070
198,88
666,88
198,89
198,229
198,948
666,99
666,229
666,361
666,948
666,1035
292,89
292,670
425,90
1070,90
425,92
425,154
425,283
425,402
425,403
425,435
425,688
1070,289
1070,355
1070,557
1070,729
1070,813
652,94
673,94
736,94
759,94
924,94
991,94
652,823
652,827
652,869
652,886
673,598
673,819
673,824
673,825
673,867
673,870
673,876
673,877
673,878
673,968
673,1006
736,263
736,271
736,282
736,534
736,538
736,820
736,822
736,898
736,957
736,974
736,1046
759,319
759,519
759,520
759,675
759,680
759,788
759,881
759,907
759,908
759,926
759,1004
924,589
924,598
924,669
924,819
924,825
924,876
924,908
924,925
924,926
924,938
924,939
924,940
924,957
991,153
991,394
991,822
991,1024
991,1025
402,95
402,195
402,334
402,362
402,374
402,382
402,391
402,393
402,469
402,514
402,666
402,670
402,787
402,913
409,95
965,95
972,95
1007,95
1040,95
1044,95
1071,95
409,241
409,382
409,391
409,393
409,514
409,666
409,670
409,699
409,815
409,913
965,195
965,199
965,279
965,334
965,362
965,382
965,391
965,393
965,469
965,514
965,666
965,670
965,699
965,787
965,1055
972,362
972,382
972,391
972,393
972,514
972,666
972,670
972,699
1007,241
1007,334
1007,440
1007,514
1007,913
1040,195
1040,241
1040,362
1040,382
1040,391
1040,393
1040,514
1040,666
1040,670
1040,699
1040,815
1044,241
1044,334
1044,514
1044,815
1044,913
1071,195
1071,241
1071,362
1071,382
1071,391
1071,393
1071,465
1071,481
1071,514
1071,666
1071,670
1071,913
55,101
234,101
366,101
517,101
55,222
55,224
55,225
55,230
55,357
55,476
55,483
234,208
234,222
234,225
234,230
234,476
234,483
366,222
366,225
366,230
366,476
366,483
517,247
517,395
517,667
517,722
517,971
517,989
517,990
517,991
517,992
517,993
517,994
517,995
507,102
534,102
755,102
866,102
1045,102
507,328
507,671
534,148
534,173
534,265
534,298
534,383
534,448
534,591
534,592
534,620
534,621
534,623
534,627
755,328
755,671
755,1039
866,371
866,596
866,609
866,657
866,658
866,659
866,842
866,843
866,844
866,954
866,960
866,961
866,962
866,975
866,1014
866,1015
866,1016
866,1017
866,1037
866,1071
1045,285
1045,328
1045,329
1045,437
1045,507
1045,605
1045,740
1045,818
1045,1039
397,103
403,103
397,134
397,284
397,438
397,474
397,475
397,506
403,199
403,228
403,363
403,999
172,104
172,243
172,246
172,257
172,351
172,354
172,485
172,643
172,951
485,104
486,104
573,104
485,275
485,401
485,523
485,526
485,529
485,530
485,531
485,532
485,561
485,564
485,574
485,593
485,595
485,597
485,607
485,615
485,618
485,641
485,642
485,777
485,778
485,829
485,831
485,895
485,896
485,917
485,945
485,946
485,976
485,978
485,979
485,985
485,988
486,275
486,401
486,523
486,526
486,529
486,530
486,531
486,532
486,561
486,564
486,574
486,597
486,607
486,615
486,618
486,641
486,642
486,777
486,778
486,831
486,895
486,896
486,917
486,946
486,976
486,978
486,979
486,985
573,246
573,485
573,570
573,574
573,575
573,576
573,605
573,643
573,893
573,1056
57,105
85,105
125,105
130,105
353,105
57,121
57,240
57,339
57,352
57,424
57,469
57,486
57,490
57,932
85,106
85,143
85,152
85,181
85,200
85,202
85,276
85,279
85,421
85,451
85,611
125,127
125,146
125,152
125,153
125,389
125,517
125,518
125,957
130,143
130,200
130,240
130,352
130,424
130,490
130,689
130,691
130,694
130,868
353,106
353,202
353,421
286,106
286,145
286,152
286,188
286,200
286,319
286,381
286,519
286,520
286,598
286,669
286,791
286,819
286,825
286,850
286,908
286,1004
286,1059
42,107
77,107
267,107
269,107
270,107
290,107
308,107
42,134
42,167
42,385
42,784
42,796
42,797
77,108
77,113
77,175
77,340
77,344
77,345
77,355
77,947
77,1058
267,108
267,175
267,224
267,336
267,340
267,344
267,345
269,108
269,175
269,224
269,336
269,340
269,344
269,345
270,108
270,148
270,175
270,340
270,341
270,342
270,343
270,344
270,345
290,108
290,134
290,167
290,220
290,286
290,336
290,344
290,345
290,385
290,766
290,767
290,783
290,784
290,796
290,797
290,832
290,1057
290,1064
308,175
308,274
308,336
308,340
308,341
308,342
308,343
308,344
308,345
308,450
308,783
308,797
308,832
308,855
308,1057
308,1064
43,108
71,108
268,108
43,175
43,274
43,340
43,341
43,342
43,343
43,482
71,113
71,175
71,219
71,288
71,340
71,344
71,345
71,355
71,947
71,1058
268,175
268,336
268,340
268,341
268,342
268,343
268,344
268,345
268,1064
79,110
79,118
79,146
79,186
79,187
79,188
79,221
79,234
79,381
79,467
79,536
79,608
79,724
79,737
79,847
79,966
151,110
156,110
785,110
307,110
330,110
331,110
332,110
151,146
151,186
151,187
151,213
151,273
151,456
151,904
151,942
156,146
156,187
156,705
785,115
785,141
785,177
785,203
785,273
785,440
307,117
307,118
307,133
307,186
307,187
307,234
307,238
307,253
307,377
307,378
307,381
307,410
307,457
307,724
307,814
307,1048
330,117
330,118
330,186
330,187
330,225
330,234
330,238
330,239
330,305
330,377
330,378
330,381
330,452
330,689
330,691
330,1018
330,1019
330,1044
331,117
331,118
331,186
331,187
331,377
331,378
331,381
332,117
332,118
332,121
332,186
332,187
332,238
332,239
332,377
332,378
332,381
332,677
332,1068
519,111
520,111
521,111
76,111
863,111
865,111
871,111
873,111
483,111
519,243
519,257
519,351
519,354
519,479
519,523
519,524
519,525
519,526
519,597
519,615
519,642
519,714
519,920
519,921
519,922
519,923
519,951
519,952
520,243
520,257
520,351
520,354
520,479
520,523
520,524
520,525
520,526
520,597
520,642
520,714
520,920
520,921
520,922
520,923
520,951
520,952
521,354
521,525
521,597
521,714
521,920
521,922
521,923
521,951
76,113
76,355
76,359
76,916
863,351
863,524
863,572
863,594
863,632
863,714
863,918
863,920
863,921
863,922
863,923
863,951
863,997
865,351
865,463
865,523
865,524
865,526
865,572
865,594
865,714
865,890
865,921
865,922
865,923
865,997
865,1056
871,920
871,923
873,916
483,243
483,257
483,351
483,354
483,597
483,632
483,643
483,649
483,650
483,859
483,916
483,920
483,951
483,952
483,1008
260,112
284,112
783,112
999,112
260,258
260,262
260,423
260,616
260,941
284,120
284,199
284,356
284,697
284,941
284,1053
783,262
783,423
783,484
783,660
783,943
999,120
999,129
999,217
999,218
999,375
999,423
999,438
999,484
999,558
999,609
999,616
999,657
999,658
999,659
999,660
999,787
999,792
999,793
999,941
999,1033
282,113
963,113
282,355
963,355
525,115
525,146
525,187
525,188
525,234
525,239
525,273
525,376
525,455
525,456
525,520
525,735
264,115
354,115
368,115
424,115
264,141
264,273
264,735
354,177
354,273
354,376
354,440
354,456
354,470
354,518
354,543
368,273
368,281
368,395
368,428
368,453
368,454
368,455
368,456
368,470
368,781
368,794
368,1055
424,253
424,273
424,281
424,376
424,395
424,428
424,452
424,453
424,455
424,456
424,470
424,794
424,834
424,935
424,1031
424,1055
350,116
670,116
797,116
350,404
350,432
350,604
350,619
350,857
670,123
670,129
670,217
670,262
670,392
670,438
670,497
670,498
670,558
670,792
670,795
670,894
670,1033
670,1066
797,128
797,130
797,159
797,245
797,305
797,390
797,405
797,411
797,430
797,432
797,447
797,458
797,499
797,1034
856,117
470,117
471,117
856,377
856,381
856,559
856,943
856,1047
470,118
470,146
470,186
470,234
470,238
470,239
470,253
470,363
470,377
470,378
470,381
470,453
470,454
470,455
470,456
470,464
470,661
470,834
470,847
470,927
470,1063
471,118
471,146
471,186
471,234
471,238
471,239
471,253
471,363
471,377
471,378
471,453
471,454
471,455
471,456
471,608
471,737
471,834
471,936
471,1063
381,118
381,134
381,234
381,238
381,253
381,281
381,376
381,377
381,378
381,452
381,453
381,454
381,455
381,457
381,470
381,489
381,522
381,608
381,630
381,1054
553,121
56,121
108,121
197,121
553,223
553,240
553,469
553,490
56,339
56,352
56,356
56,424
56,469
56,481
56,490
108,240
108,352
108,424
108,469
108,490
197,223
197,240
197,469
197,490
757,123
969,123
971,123
757,630
757,966
757,1051
969,371
969,428
969,440
969,462
969,842
969,843
969,844
969,954
969,960
969,961
969,962
969,972
969,975
969,1037
969,1065
969,1071
971,462
971,692
971,842
971,954
971,960
971,961
971,1065
983,124
983,490
983,596
983,892
983,893
983,931
983,1007
983,1056
1004,125
1004,193
1004,233
1004,247
1004,256
1004,261
1004,284
1004,359
1004,488
1004,497
1004,498
1004,499
1004,506
1004,516
1004,571
1004,792
1004,793
1004,963
1004,964
1004,981
1004,1023
1004,1027
1013,126
1018,126
1013,338
1013,427
1013,468
1013,473
1013,477
1013,559
1013,798
1018,266
1018,472
305,127
323,127
374,127
512,127
514,127
524,127
620,127
906,127
305,141
305,379
305,389
305,957
323,301
323,335
323,389
374,327
512,389
512,495
512,517
512,520
512,534
512,535
512,536
512,537
512,538
512,788
512,789
512,957
512,1023
514,389
514,534
514,535
514,536
514,537
514,538
514,788
514,789
514,957
514,1023
524,534
524,535
524,538
524,667
524,788
524,909
524,1023
620,346
620,517
620,518
620,521
620,535
620,537
620,611
620,640
620,720
620,723
620,907
620,910
620,1041
906,389
906,957
803,128
949,128
803,159
803,291
803,305
803,411
803,430
803,458
803,1034
803,1072
949,305
180,130
181,130
274,130
180,131
180,132
180,390
181,131
181,132
181,232
274,131
274,154
274,159
274,163
274,232
274,245
274,250
274,264
274,276
274,305
274,390
274,404
274,405
274,411
274,432
274,447
274,458
274,510
274,690
274,692
274,693
274,695
274,1034
274,1075
200,131
200,301
200,335
200,499
200,981
200,1074
598,132
598,226
598,227
598,228
598,232
598,245
598,330
598,488
598,533
598,713
598,836
598,982
598,983
1072,133
101,133
166,133
398,133
1072,179
1072,180
1072,213
1072,277
1072,283
1072,410
1072,435
1072,508
1072,517
1072,518
1072,687
1072,823
1072,827
1072,869
1072,882
1072,883
1072,886
101,160
101,203
101,410
101,517
101,518
101,738
101,814
166,357
166,410
166,814
398,203
398,221
398,410
398,814
155,134
263,134
155,359
155,465
263,195
263,264
263,479
263,480
263,553
263,1029
263,1032
122,135
122,233
122,292
122,384
122,502
191,135
280,135
336,135
390,135
613,135
614,135
643,135
787,135
191,136
191,138
191,139
191,173
191,265
191,311
191,331
191,448
191,503
191,504
191,505
191,614
191,1008
280,136
280,139
280,295
280,296
280,297
280,298
280,331
280,383
280,384
280,448
280,502
280,505
280,620
280,621
280,622
280,626
280,627
280,711
280,891
280,981
280,1060
336,383
336,384
390,383
390,384
390,502
613,297
613,624
613,625
613,628
613,629
614,331
614,629
643,623
643,629
787,136
787,139
787,148
787,295
787,296
787,297
787,298
787,383
787,449
787,502
787,505
787,511
787,513
787,626
787,711
787,868
426,136
426,137
426,139
426,297
426,298
426,311
426,384
426,448
426,449
426,502
426,505
426,624
426,625
426,627
426,628
426,711
426,742
426,1060
146,137
533,137
593,137
146,138
146,173
146,331
146,448
146,503
146,504
146,614
146,620
146,621
146,622
146,1040
533,138
533,449
533,503
533,504
533,614
533,868
593,138
593,140
593,503
593,504
593,614
593,620
593,621
593,622
334,138
532,138
334,144
334,171
334,174
334,176
334,237
334,265
334,590
334,742
334,743
532,140
532,448
532,503
532,504
532,614
532,620
532,621
532,622
532,629
224,140
747,140
254,140
391,140
224,258
224,259
747,296
747,383
747,622
747,623
747,626
747,627
747,1060
254,258
254,259
391,258
391,259
213,142
603,142
247,142
229,142
117,142
213,315
213,316
213,317
213,318
213,321
213,322
213,323
213,509
213,510
213,860
213,861
213,862
603,316
603,317
603,321
603,442
603,510
603,511
603,512
603,513
603,860
603,862
603,904
247,315
247,316
247,317
247,318
247,321
247,322
247,323
247,509
247,510
247,511
247,512
247,860
247,861
247,862
229,316
229,317
229,321
229,322
229,323
229,509
229,510
229,512
229,861
229,862
117,509
117,511
117,512
10,144
10,311
10,450
10,471
10,630
84,145
98,145
232,145
242,145
423,145
436,145
1047,145
84,146
84,190
84,352
84,377
98,190
232,181
232,182
232,216
232,250
232,443
232,763
242,197
242,280
242,348
242,365
242,420
242,734
242,735
242,982
242,1020
423,188
423,190
423,737
423,847
436,147
436,150
436,190
436,348
436,725
436,726
436,727
436,734
436,735
436,736
436,737
436,741
1047,348
1047,373
1047,478
1047,705
1047,840
1047,850
1047,935
1047,936
1047,1018
1047,1019
1047,1020
1047,1031
1047,1038
1047,1054
1047,1059
132,147
435,147
437,147
132,148
132,280
435,489
435,725
435,726
435,727
435,734
435,736
435,741
435,833
437,489
437,725
437,726
437,727
437,734
437,736
437,741
437,833
1061,148
1061,253
1061,454
1061,455
1061,465
1061,559
1061,721
1061,724
1061,781
1061,791
1061,849
1061,1049
4,150
105,150
278,150
361,150
526,150
4,259
4,279
4,288
4,428
105,465
105,466
278,190
278,213
278,221
278,360
278,387
278,601
278,737
278,942
278,1038
361,465
361,466
361,944
526,195
526,254
526,454
526,479
526,489
526,724
526,791
526,847
526,850
195,151
466,151
472,151
769,151
838,151
195,279
466,459
466,461
466,466
466,590
466,591
466,592
472,365
472,459
472,461
472,556
472,630
472,728
472,782
472,944
769,231
769,280
769,360
769,387
769,422
769,450
769,555
769,556
769,601
769,721
769,728
769,746
769,781
769,816
769,834
769,849
769,944
769,966
769,994
769,1000
769,1021
838,408
838,409
838,463
838,562
838,570
838,574
838,575
838,632
838,649
838,650
838,859
838,890
838,952
838,1002
838,1043
838,1044
378,152
378,519
378,520
378,521
205,153
489,153
493,153
205,235
205,260
205,261
205,263
205,271
205,379
205,394
205,439
205,543
489,162
489,365
489,379
489,394
489,419
489,429
489,478
489,722
489,792
489,980
489,999
489,1000
489,1038
493,440
493,517
493,518
493,913
807,154
1048,154
807,522
807,559
807,702
807,1031
1048,170
1048,242
1048,250
1048,255
1048,290
1048,308
1048,324
1048,332
1048,353
1048,431
1048,510
1048,554
1048,690
1048,692
1048,693
1048,695
1048,933
131,158
285,158
131,171
131,172
131,389
131,868
131,981
285,274
285,311
285,328
177,160
203,160
748,160
177,161
177,162
177,164
177,201
177,206
177,272
177,291
177,299
177,320
177,330
177,386
177,445
177,527
177,610
177,667
177,928
177,932
177,937
177,1009
177,1067
203,161
203,162
203,163
203,164
203,165
203,166
203,201
203,206
203,272
203,291
203,299
203,320
203,330
203,386
203,396
203,445
203,527
203,559
203,610
203,612
203,613
203,928
203,929
203,932
203,937
203,1009
203,1067
748,267
748,292
748,395
748,396
748,787
748,813
173,163
173,330
102,164
102,166
102,206
102,272
102,299
102,320
102,386
102,445
102,527
102,846
764,164
419,164
764,201
764,206
764,272
764,299
764,330
764,386
764,396
764,445
764,527
764,813
764,1009
764,1032
419,201
419,206
419,272
419,299
419,396
419,445
419,527
419,813
419,1009
103,165
103,166
103,201
103,320
103,386
103,396
103,942
103,1009
896,166
896,457
896,489
896,612
896,613
896,673
896,707
896,791
896,928
896,929
896,930
717,167
718,167
720,167
717,336
717,385
717,766
717,767
717,783
717,784
717,796
717,797
717,1064
718,336
718,385
718,766
718,767
718,783
718,784
718,796
718,797
718,1064
720,336
720,340
720,343
720,385
720,766
720,767
720,783
720,784
720,796
720,797
720,1064
202,169
202,234
202,238
202,239
202,253
202,281
202,376
202,378
202,395
202,452
202,453
202,455
202,457
202,470
202,478
202,489
202,522
202,740
202,1012
143,170
1005,170
143,242
143,255
143,290
143,324
143,332
143,353
143,431
143,554
143,933
1005,233
1005,247
1005,308
1005,324
1005,554
1005,571
1005,573
1005,603
1005,604
1005,933
1005,1023
1005,1027
1005,1044
551,171
552,171
555,171
556,171
551,325
551,516
551,534
551,538
551,581
551,584
551,585
551,586
551,587
551,636
551,723
551,745
552,325
552,516
552,534
552,538
552,584
552,585
552,586
552,587
552,636
552,723
552,745
555,172
555,325
555,392
555,518
555,584
555,585
555,586
555,587
555,636
555,723
555,745
555,1066
556,172
556,185
556,325
556,392
556,506
556,586
556,587
556,636
556,723
556,745
556,1066
594,172
595,172
854,172
980,172
995,172
594,572
594,594
594,595
594,607
594,719
594,923
594,977
594,997
595,562
595,572
595,574
595,594
595,595
595,607
595,617
595,719
595,921
595,923
595,997
854,246
854,562
854,570
854,572
854,574
854,576
854,594
854,595
854,607
854,617
854,776
854,829
854,865
854,911
854,921
854,997
854,1063
980,275
980,525
980,529
980,530
980,531
980,532
980,593
980,594
980,595
980,607
980,615
980,895
980,896
980,917
980,918
980,985
980,997
995,275
995,525
995,529
995,530
995,531
995,532
995,593
995,594
995,595
995,607
995,615
995,895
995,917
995,918
995,997
120,173
120,235
120,265
120,361
120,764
120,765
248,177
373,177
411,177
248,178
248,440
373,178
373,440
411,178
411,440
411,913
174,179
175,179
277,179
174,180
174,276
174,277
174,402
174,508
174,553
174,687
174,882
175,180
175,213
175,276
175,277
175,611
175,647
175,687
175,716
175,882
277,180
277,277
277,508
277,687
277,882
277,883
725,180
725,254
725,263
725,302
725,553
725,647
5,181
5,188
5,559
5,724
5,791
5,847
5,1031
5,1047
5,1054
265,181
522,181
689,181
690,181
709,181
1035,181
265,188
265,360
265,601
265,794
265,1031
265,1038
522,240
522,424
522,588
522,925
522,926
689,214
689,215
689,220
689,349
689,368
689,442
689,443
689,482
689,751
689,752
689,753
689,757
689,760
689,763
689,766
689,767
689,768
689,773
689,783
689,854
689,1064
690,214
690,215
690,220
690,314
690,349
690,368
690,442
690,443
690,466
690,482
690,751
690,752
690,753
690,757
690,760
690,763
690,766
690,767
690,768
690,773
690,783
690,1064
709,220
709,751
709,752
709,753
709,768
709,773
709,784
709,797
709,832
709,1057
1035,183
1035,209
1035,211
1035,212
1035,216
1035,350
1035,356
1035,358
1035,368
1035,443
1035,761
1035,763
1035,856
1035,857
1035,904
139,182
206,182
207,182
231,182
235,182
236,182
300,182
386,182
671,182
139,183
139,209
139,211
139,212
139,349
139,358
139,487
139,856
139,857
139,904
206,216
206,251
206,370
206,413
206,416
206,487
206,757
206,853
206,858
207,216
207,250
231,183
231,209
231,211
231,212
231,250
231,358
231,487
231,904
235,214
235,215
235,286
235,367
235,757
235,759
236,214
236,215
236,286
236,367
236,757
236,759
300,214
300,215
300,248
300,367
300,758
300,759
300,760
386,216
386,248
386,249
386,412
386,414
386,441
386,442
386,443
671,248
671,250
671,341
671,342
671,482
671,752
671,767
671,768
671,773
222,183
245,183
271,183
272,183
296,183
297,183
301,183
222,251
222,369
222,370
222,415
222,416
222,487
222,752
222,753
222,757
222,853
222,854
222,858
245,211
245,212
245,248
245,251
245,350
245,370
245,413
245,416
245,487
245,853
271,249
271,251
271,312
271,313
271,369
271,370
271,412
271,413
271,416
271,753
271,764
271,773
271,902
271,1057
272,211
272,212
272,251
272,370
272,415
272,416
272,751
272,752
272,768
272,853
272,854
272,858
296,249
296,251
296,312
296,313
296,314
296,368
296,369
296,370
296,412
296,413
296,414
296,416
296,441
296,753
296,764
296,902
296,1057
297,212
297,248
297,249
297,251
297,312
297,313
297,349
297,368
297,369
297,370
297,412
297,413
297,414
297,415
297,441
297,751
297,759
297,764
297,768
297,902
301,211
301,212
301,251
301,358
301,369
301,370
301,415
301,416
301,751
301,753
301,757
301,773
301,853
301,854
301,858
301,944
301,1057
474,184
945,184
946,184
947,184
948,184
951,184
474,222
474,225
474,230
474,694
474,695
474,780
474,1030
945,417
945,488
945,731
945,841
946,417
946,488
946,702
946,731
946,841
946,931
947,417
947,702
947,731
947,841
947,931
948,417
948,702
948,731
948,841
948,931
951,417
951,488
951,702
951,731
951,841
951,931
395,185
491,185
589,185
713,185
758,185
1065,185
1073,185
395,241
395,375
395,596
395,734
491,292
491,339
491,667
491,673
589,267
589,638
589,644
589,672
589,686
589,698
589,703
589,708
589,717
589,721
589,744
589,746
589,747
589,816
589,848
589,871
589,872
589,934
589,998
589,1041
589,1049
713,267
713,395
713,440
713,464
713,556
713,638
713,644
713,661
713,672
713,686
713,698
713,703
713,708
713,717
713,720
713,721
713,728
713,744
713,746
713,747
713,782
713,816
713,834
713,848
713,871
713,872
713,899
713,934
713,944
713,1041
713,1049
758,260
758,457
758,489
758,506
758,522
1065,375
1065,787
1073,241
1073,286
1073,374
1073,393
1073,543
1073,838
1073,913
541,188
704,188
541,394
541,724
541,791
541,930
541,935
541,1018
541,1019
541,1054
541,1059
704,724
704,737
704,847
704,850
704,966
508,189
829,189
508,294
508,581
508,582
508,583
508,652
508,653
508,852
508,925
508,987
508,988
508,994
508,996
508,1000
508,1001
508,1040
829,258
829,259
829,534
829,538
829,581
829,652
829,653
829,1068
382,190
770,190
833,190
382,559
382,724
382,736
382,737
382,840
382,852
382,935
382,1018
382,1019
382,1020
382,1031
382,1054
382,1059
770,267
770,406
770,459
770,461
770,464
770,698
770,708
770,709
770,782
770,873
770,887
770,888
770,889
770,1010
833,200
833,840
833,936
833,1018
833,1019
833,1020
833,1031
833,1038
833,1059
44,191
158,191
44,194
44,196
44,198
44,725
44,726
44,727
44,736
44,741
44,794
44,833
44,864
44,897
44,1051
158,194
158,198
158,204
158,236
158,347
158,501
158,560
158,582
158,583
158,640
158,696
158,700
158,710
158,712
158,725
158,726
158,727
158,736
158,739
158,741
158,833
158,852
158,864
158,866
158,909
158,910
158,967
158,1042
31,192
31,204
31,631
31,700
885,193
886,193
885,493
885,494
885,496
885,963
885,964
885,994
886,493
886,494
886,496
886,914
886,963
886,964
23,195
33,195
964,195
23,479
23,480
23,1029
23,1032
33,208
33,264
33,460
33,461
33,479
33,480
33,481
33,1029
33,1032
964,479
964,480
964,1029
964,1032
536,197
536,211
536,365
536,608
536,630
536,734
422,197
961,197
422,280
422,376
422,397
422,398
422,456
422,735
961,339
961,378
961,395
961,666
961,688
961,904
961,989
961,990
961,991
961,992
961,993
961,995
961,1053
961,1072
133,199
137,199
919,199
133,273
137,235
919,419
919,980
516,201
516,396
516,813
418,201
418,320
418,396
418,471
418,613
418,942
258,203
401,203
258,221
258,228
258,379
258,410
258,511
401,239
401,281
401,376
401,452
401,456
401,470
401,794
401,1031
543,204
543,450
543,700
543,703
543,704
543,744
543,745
543,899
810,205
810,234
810,239
810,258
810,406
810,407
810,559
810,661
810,672
810,709
810,717
810,839
810,871
810,873
810,887
810,888
810,889
810,927
810,1010
810,1045
427,207
800,207
427,236
427,267
427,309
427,346
427,347
427,375
427,501
427,534
427,538
427,552
427,560
427,584
427,585
427,586
427,587
427,640
427,652
427,653
427,710
427,712
427,739
427,750
427,813
427,864
427,866
427,897
427,909
427,910
427,967
427,994
427,996
427,1024
427,1025
427,1042
427,1073
800,236
800,267
800,346
800,347
800,501
800,535
800,552
800,584
800,585
800,586
800,587
800,640
800,710
800,712
800,739
800,817
800,864
800,909
800,910
800,1024
800,1025
800,1042
18,208
18,224
18,397
18,442
18,832
676,208
677,208
679,208
185,208
782,208
676,339
676,612
676,673
676,707
676,915
676,928
676,930
677,339
677,353
677,673
677,707
677,915
679,339
679,612
679,673
679,707
679,915
679,929
679,930
185,312
185,313
185,314
185,349
185,350
185,369
185,483
185,854
185,858
185,902
185,1057
782,479
782,795
550,209
46,209
628,209
129,209
188,209
550,853
550,854
550,856
550,857
550,858
46,350
46,358
46,857
46,1058
628,854
628,856
628,857
628,858
129,349
129,350
129,358
129,853
129,856
129,857
129,903
129,904
188,853
188,854
188,856
188,857
188,858
6,210
6,275
6,1030
632,210
1010,210
632,397
632,398
632,502
632,1009
1010,217
1010,285
1010,287
1010,325
1010,329
1010,425
1010,495
1010,1066
246,211
255,211
302,211
246,212
246,248
246,251
246,350
246,370
246,413
246,416
246,487
255,416
255,853
255,854
255,856
255,857
255,858
302,251
302,370
302,412
302,416
302,487
302,853
302,858
51,212
396,212
51,312
51,313
51,314
51,349
51,350
51,368
51,415
51,856
51,904
51,969
396,216
396,416
396,487
396,757
396,760
396,903
262,213
389,213
1027,213
1049,213
262,514
389,218
389,259
389,360
389,601
389,1038
1027,374
1027,485
1027,611
1027,619
1027,719
1027,839
1027,986
1049,420
1049,478
1049,522
1049,702
1049,705
1049,722
1049,835
1049,836
1049,840
1049,906
1049,936
674,214
674,215
674,286
674,758
674,759
674,760
691,214
697,214
700,214
701,214
702,214
740,214
691,215
691,286
691,758
697,215
697,286
697,757
697,758
697,759
697,760
700,215
700,286
700,367
700,758
700,759
701,215
701,286
701,367
701,758
702,215
702,286
702,367
702,758
740,215
740,757
740,758
740,759
740,760
310,218
310,484
310,535
310,536
310,537
17,219
17,830
17,846
17,1058
39,219
45,219
68,219
73,219
74,219
327,219
959,219
39,762
39,830
39,903
39,969
39,970
39,1008
45,278
45,310
45,314
45,483
45,762
45,779
45,903
45,969
45,970
45,1069
68,763
68,1058
73,278
73,310
73,314
73,779
73,780
73,830
73,845
73,903
73,969
73,970
74,278
74,310
74,314
74,779
74,830
74,845
74,855
74,970
74,1069
327,310
327,830
327,846
327,969
327,970
327,1030
327,1058
959,235
959,361
959,399
959,400
959,479
959,539
959,630
959,795
959,919
959,953
959,958
959,959
16,220
16,224
16,312
16,482
16,832
487,220
687,220
688,220
710,220
1058,220
487,341
487,342
487,482
487,752
487,753
487,832
487,855
687,314
687,443
687,466
687,482
687,751
687,752
687,766
687,767
687,768
687,773
687,783
688,341
688,342
688,343
688,443
688,482
688,751
688,752
688,766
688,767
688,768
688,773
710,751
710,753
710,768
710,773
710,784
710,797
710,832
710,1057
1058,224
1058,341
1058,342
1058,343
1058,482
1058,832
1058,855
67,221
67,222
67,397
67,398
67,439
67,483
149,221
149,267
149,397
641,223
641,227
641,231
641,476
136,223
428,223
781,223
780,223
309,223
136,231
136,356
428,231
428,357
428,358
428,469
428,694
428,941
781,286
781,357
781,713
780,231
780,286
780,357
780,713
309,231
309,941
75,224
266,224
440,224
75,481
75,1058
266,336
266,340
266,341
266,342
266,343
266,344
266,345
266,855
266,1064
440,481
440,764
440,765
440,846
440,903
440,1069
840,226
586,226
587,226
588,226
847,226
1053,226
840,420
840,446
840,515
840,664
840,665
840,799
840,800
840,801
840,802
840,803
840,804
840,805
840,806
840,807
840,808
840,809
840,810
840,811
840,812
840,1072
587,228
588,227
847,420
847,446
847,515
847,664
847,665
847,799
847,800
847,801
847,803
847,804
847,806
847,807
847,808
847,809
847,810
847,811
847,812
847,1072
1053,227
1053,533
1053,982
1053,986
793,227
845,227
793,420
793,446
793,515
793,664
793,665
793,799
793,800
793,801
793,802
793,803
793,804
793,805
793,806
793,807
793,808
793,809
793,810
793,811
793,812
845,420
845,446
845,515
845,664
845,665
845,799
845,800
845,801
845,803
845,804
845,806
845,807
845,808
845,809
845,810
845,811
845,812
220,230
220,278
220,310
220,765
220,830
220,845
220,846
220,970
220,1069
321,231
321,464
321,467
321,839
321,916
186,231
186,352
186,424
186,891
161,234
161,281
161,452
161,470
161,740
161,1012
363,235
484,235
905,235
363,361
363,399
363,400
363,401
363,539
484,361
484,399
484,400
484,401
484,539
484,795
484,919
905,399
905,400
905,401
905,436
905,539
905,919
905,958
905,959
496,236
496,820
496,1024
496,1025
369,238
369,281
369,452
369,470
369,1012
369,1040
454,240
454,301
454,359
454,361
454,419
454,497
454,498
454,499
454,662
454,965
1041,241
1041,947
148,243
360,243
148,257
148,351
148,354
360,257
360,351
360,354
169,245
169,667
383,247
383,292
383,363
383,366
383,373
383,453
383,471
383,699
383,815
383,1012
385,248
387,248
388,248
1002,248
385,249
385,412
385,414
385,441
385,442
385,443
387,249
387,367
387,412
387,414
387,415
387,441
387,442
387,443
387,853
388,249
388,367
388,412
388,414
388,415
388,441
388,442
388,443
388,853
1002,249
1002,251
1002,313
1002,368
1002,369
1002,370
1002,413
1002,414
1002,415
1002,441
1002,902
221,249
221,369
221,412
221,413
221,414
221,415
221,441
221,759
298,249
299,249
298,313
298,368
298,369
298,412
298,413
298,414
298,441
298,487
298,764
298,765
298,902
299,313
299,368
299,369
299,413
299,414
299,415
299,441
299,487
299,764
299,765
299,902
239,250
239,361
239,432
239,483
699,253
699,724
699,791
699,850
699,852
699,966
699,1007
699,1018
699,1019
699,1048
699,1056
699,1059
204,254
204,263
204,271
204,439
193,260
193,271
193,439
193,689
193,691
404,262
405,262
404,266
404,270
404,472
404,540
404,616
404,657
404,658
404,659
404,792
404,793
404,987
404,1000
404,1001
405,266
405,270
405,472
405,540
405,616
405,657
405,658
405,659
405,792
405,793
405,987
405,1000
405,1001
380,263
380,388
814,264
1037,264
814,267
814,605
814,702
1037,837
1037,971
279,265
328,265
279,296
279,297
279,298
279,384
279,471
279,505
279,623
279,626
279,627
279,630
328,295
328,296
328,297
328,298
328,384
328,505
328,623
328,626
328,627
328,1060
884,266
910,266
911,266
912,266
913,266
915,266
916,266
996,266
884,271
884,1066
910,419
910,989
910,990
910,991
910,992
910,993
910,995
910,1053
911,980
911,989
911,990
911,991
911,992
911,993
911,995
911,1053
912,980
912,989
912,990
912,991
912,992
912,993
912,995
912,1053
913,989
913,990
913,991
913,992
913,993
913,995
913,1053
915,989
915,990
915,991
915,992
915,993
915,995
915,996
915,1053
916,989
916,990
916,991
916,992
916,993
916,995
916,1053
996,408
996,632
996,859
996,890
996,952
996,1002
996,1003
996,1043
320,270
320,387
320,439
320,484
320,659
320,1052
458,273
458,281
458,307
458,376
458,452
458,453
458,470
458,735
458,942
187,274
187,311
144,275
992,275
144,1030
992,401
992,523
992,526
992,529
992,530
992,531
992,532
992,561
992,574
992,597
992,607
992,618
992,641
992,642
992,777
992,778
992,831
992,895
992,896
992,976
992,978
992,979
992,985
355,278
356,278
732,278
774,278
355,762
355,845
355,846
355,1069
356,762
356,830
356,845
356,846
356,1069
732,310
732,761
732,762
732,763
732,764
732,765
732,969
732,970
732,1069
774,310
774,855
774,903
774,969
774,970
774,1058
462,280
462,450
462,464
462,661
462,672
462,698
462,708
462,709
462,717
462,839
462,871
462,873
462,887
462,889
462,927
462,1049
349,281
349,348
349,478
349,608
349,724
349,850
349,882
349,1031
925,282
950,282
925,462
925,596
925,844
925,962
925,1014
925,1015
925,1016
925,1017
925,1022
925,1037
925,1052
950,558
950,560
950,820
950,822
950,866
950,898
950,974
950,1021
950,1024
950,1025
950,1042
950,1046
766,283
766,302
766,402
766,435
766,602
456,284
1026,284
1036,284
456,287
456,438
456,497
456,498
456,499
456,914
456,965
1026,329
1026,425
1026,427
1026,437
1026,438
1026,507
1026,818
1026,1039
1036,1008
233,285
233,287
233,325
233,329
233,425
233,437
233,507
233,1066
371,285
453,285
596,285
1025,285
371,287
371,328
371,329
371,437
371,507
371,818
371,1008
371,1039
453,328
453,425
453,427
453,437
453,438
453,506
453,507
453,818
596,287
596,329
596,437
596,818
1025,328
1025,329
1025,438
1025,507
1025,818
1025,1039
455,287
788,287
455,497
455,498
455,499
455,506
455,507
455,914
455,965
788,525
788,593
788,595
788,607
788,615
788,895
788,896
788,917
788,918
789,288
890,288
890,891
741,291
741,292
741,307
741,339
741,667
741,673
741,836
741,982
741,983
505,292
505,339
505,667
505,707
505,915
515,294
515,319
515,519
515,520
515,535
515,536
515,537
515,579
515,580
515,588
515,589
515,907
515,908
515,926
515,955
515,1004
527,294
529,294
530,294
531,294
1046,294
450,294
451,294
527,421
527,696
527,748
527,749
527,851
527,1040
529,421
529,696
529,748
529,749
529,851
530,421
530,696
530,748
530,749
530,851
531,421
531,696
531,748
531,749
531,789
531,851
1046,319
1046,347
1046,501
1046,558
1046,560
1046,582
1046,583
1046,584
1046,585
1046,601
1046,640
1046,652
1046,653
1046,669
1046,696
1046,712
1046,725
1046,748
1046,749
1046,823
1046,851
1046,852
1046,864
1046,866
1046,908
1046,909
1046,1004
1046,1051
450,495
450,565
450,566
450,662
450,965
451,495
451,498
451,565
451,566
451,662
451,965
1006,295
1006,298
1006,505
1006,623
1006,626
642,297
656,298
775,298
656,448
656,1060
775,384
775,868
775,1012
900,301
966,301
989,301
900,335
900,917
966,335
966,736
966,792
966,793
966,852
966,987
966,996
966,1000
966,1001
989,335
989,497
989,593
989,632
989,918
784,307
832,307
784,471
784,815
784,943
784,1012
832,373
832,471
832,791
832,840
832,936
832,943
832,1018
832,1019
832,1020
602,310
602,1068
602,1069
623,311
637,311
734,311
735,311
738,311
739,311
623,791
623,850
623,1018
623,1019
623,1020
623,1054
623,1059
637,451
637,599
637,824
637,867
637,870
637,874
637,875
637,876
637,877
637,878
637,885
637,968
637,1006
637,1036
637,1061
637,1062
734,451
734,824
734,870
734,874
734,875
734,877
734,878
734,885
734,968
734,1006
734,1036
734,1061
734,1062
735,451
735,824
735,870
735,874
735,875
735,877
735,878
735,885
735,968
735,1006
735,1036
735,1061
735,1062
738,451
738,824
738,870
738,874
738,875
738,877
738,878
738,885
738,968
738,973
738,1006
738,1036
738,1061
738,1062
739,451
739,824
739,870
739,874
739,875
739,877
739,878
739,885
739,939
739,968
739,1006
739,1036
739,1061
739,1062
66,312
107,312
140,312
66,313
66,314
66,349
66,350
66,368
66,442
66,902
107,313
107,314
107,349
107,350
107,368
107,442
107,854
107,902
107,904
140,349
140,350
140,368
140,853
140,856
140,904
211,315
211,316
211,317
211,318
211,321
211,322
211,323
211,510
211,860
211,861
211,862
212,315
228,315
212,316
212,317
212,318
212,321
212,322
212,323
212,509
212,510
212,861
212,862
228,316
228,317
228,318
228,322
228,512
228,860
210,318
210,323
210,855
210,860
210,861
509,319
523,319
723,319
891,319
904,319
509,372
509,428
509,536
509,537
509,579
509,580
509,581
509,588
509,589
509,611
509,652
509,653
509,702
509,907
509,925
509,926
523,500
523,541
523,544
523,551
523,563
523,577
523,578
523,579
523,580
523,598
523,600
523,651
523,669
523,675
523,819
523,821
523,825
523,867
523,876
523,879
523,908
523,968
523,1004
523,1028
523,1050
723,326
723,500
723,578
723,579
723,580
723,598
723,669
723,675
723,683
723,819
723,823
723,825
723,876
723,881
723,907
723,1004
723,1024
723,1025
891,371
891,536
891,537
891,589
891,908
904,519
904,521
904,535
904,536
904,537
904,581
904,588
904,589
904,611
904,652
904,653
904,907
904,908
904,925
904,926
904,1004
933,325
506,325
933,516
933,636
933,914
933,1023
506,429
506,675
540,326
540,464
540,611
540,653
540,720
540,723
540,820
540,839
540,909
540,1041
318,334
318,391
318,699
712,343
712,751
712,753
712,768
712,773
712,784
712,797
712,832
712,1057
393,348
393,422
393,891
862,351
862,523
862,524
862,525
862,526
862,572
862,714
862,920
862,921
862,922
862,923
343,352
346,352
343,387
346,424
1001,355
1001,835
1001,836
1001,838
1001,906
1001,1075
511,356
745,356
511,501
511,534
511,538
511,652
511,653
511,723
511,909
511,1073
745,572
745,714
745,922
745,923
745,997
303,357
303,486
303,611
1024,358
273,359
273,388
273,486
537,360
618,360
937,360
1000,360
537,363
537,373
537,453
537,471
537,543
537,815
537,1012
618,373
618,387
618,543
618,556
618,601
618,704
618,746
618,781
618,782
618,848
618,934
618,1021
937,543
937,556
937,601
937,728
937,740
937,746
937,782
937,848
937,849
937,934
1000,601
1000,713
1000,1038
1000,1059
786,361
786,524
786,525
786,562
786,572
786,593
786,595
786,597
786,607
786,615
786,632
786,642
786,714
786,859
786,895
786,917
786,918
786,920
786,921
786,997
786,1041
968,362
968,382
968,391
968,393
968,666
968,670
341,363
341,366
341,401
341,999
962,364
962,744
962,820
962,1041
962,1046
820,365
820,702
820,705
820,835
820,906
694,367
1019,367
694,759
694,760
1019,891
1019,1057
599,371
607,371
610,371
826,371
970,371
599,422
599,428
599,466
599,891
607,668
607,674
607,680
607,681
607,682
607,683
610,651
610,663
610,668
610,674
610,675
610,680
610,681
610,682
610,683
610,695
826,428
826,935
826,971
826,986
826,989
826,995
826,1020
826,1068
970,428
970,440
970,462
970,842
970,843
970,844
970,954
970,960
970,961
970,972
970,975
970,1014
970,1037
970,1065
287,372
287,904
978,374
978,588
978,589
978,669
978,925
978,926
765,376
765,678
765,679
765,730
765,790
765,814
291,379
819,379
822,379
291,986
819,540
819,689
819,695
822,394
822,439
822,457
822,478
822,489
822,522
822,840
822,936
664,383
664,623
664,624
664,625
664,628
664,629
664,731
754,384
754,502
41,385
41,766
41,767
41,783
41,784
41,796
41,797
41,1064
490,388
575,388
342,388
1055,388
490,408
490,409
490,463
490,499
490,574
490,649
490,650
490,859
490,890
490,1043
490,1044
575,408
575,530
575,531
575,532
575,593
575,594
575,615
575,641
575,642
575,691
575,917
575,921
575,945
575,946
575,976
575,977
575,978
575,979
575,985
575,1002
575,1003
575,1030
342,408
342,409
342,463
342,499
342,562
342,570
342,649
342,650
342,719
342,859
342,890
342,952
342,981
342,1002
342,1043
1055,408
1055,409
1055,463
1055,499
1055,594
1055,649
1055,650
1055,859
1055,890
1055,1044
335,389
335,1021
340,398
340,688
340,1072
348,399
923,399
348,400
348,539
348,919
923,400
923,401
923,539
923,919
923,958
923,959
685,404
685,485
685,617
685,619
685,776
685,777
685,778
685,831
685,865
685,892
685,894
685,911
685,1007
685,1056
314,406
314,407
314,686
314,822
314,888
314,927
314,974
314,1010
314,1046
314,1048
644,406
859,406
644,407
644,426
644,661
644,672
644,708
644,709
644,717
644,871
644,872
644,873
644,887
644,888
644,889
644,1010
644,1045
644,1048
644,1049
859,407
859,464
859,661
859,672
859,709
859,717
859,839
859,871
859,873
859,887
859,888
859,889
859,1010
859,1045
319,407
319,429
319,464
319,661
319,672
319,708
319,709
319,839
319,873
319,887
319,1045
345,408
902,408
935,408
345,409
345,463
345,562
345,570
345,649
345,650
345,719
345,890
345,981
345,1003
345,1043
902,463
902,570
902,610
902,890
902,931
902,951
902,952
902,1043
935,494
935,859
935,890
935,952
935,1002
935,1003
935,1043
936,409
936,494
936,572
936,649
936,650
936,859
936,951
936,952
936,1002
936,1003
936,1043
304,413
304,731
304,902
326,419
771,419
772,419
326,980
771,792
771,793
771,980
771,996
772,792
772,793
772,980
772,999
357,420
647,420
792,420
835,420
836,420
837,420
839,420
841,420
842,420
843,420
848,420
849,420
881,420
1057,420
357,971
647,446
647,986
792,446
792,515
792,664
792,665
792,799
792,800
792,801
792,802
792,803
792,804
792,805
792,806
792,807
792,808
792,809
792,810
792,811
792,812
835,446
835,515
835,533
835,664
835,665
835,799
835,800
835,801
835,802
835,803
835,804
835,805
835,806
835,807
835,808
835,809
835,810
835,811
835,812
835,1068
836,446
836,515
836,664
836,665
836,799
836,800
836,801
836,802
836,803
836,804
836,805
836,806
836,807
836,808
836,809
836,810
836,811
836,812
837,446
837,515
837,664
837,665
837,799
837,800
837,801
837,802
837,803
837,804
837,805
837,806
837,807
837,808
837,809
837,810
837,811
837,812
839,446
839,515
839,664
839,665
839,799
839,800
839,801
839,802
839,803
839,804
839,805
839,806
839,807
839,808
839,809
839,810
839,811
839,812
841,446
841,515
841,664
841,665
841,799
841,800
841,801
841,802
841,803
841,804
841,805
841,806
841,807
841,808
841,809
841,810
841,811
841,812
842,446
842,515
842,664
842,665
842,799
842,800
842,801
842,802
842,803
842,804
842,806
842,807
842,808
842,809
842,810
842,811
842,812
843,446
843,515
843,664
843,665
843,799
843,800
843,801
843,803
843,804
843,806
843,807
843,808
843,809
843,810
843,811
843,812
848,446
848,515
848,664
848,665
848,799
848,800
848,801
848,803
848,804
848,805
848,806
848,807
848,808
848,809
848,810
848,811
848,812
849,446
849,515
849,664
849,665
849,799
849,800
849,801
849,803
849,804
849,806
849,807
849,808
849,809
849,810
849,811
849,812
881,835
881,836
881,838
881,906
881,1075
1057,838
1057,971
1057,983
1057,990
1057,991
1057,992
1057,993
1057,995
1057,1053
542,422
544,422
545,422
542,704
542,745
542,782
542,899
542,935
542,944
544,700
544,703
544,704
544,745
544,899
545,700
545,703
545,704
545,745
545,899
678,426
921,426
678,429
678,819
678,824
678,825
678,867
678,876
678,877
678,878
678,968
921,429
921,450
921,1036
634,429
634,500
634,639
634,651
634,655
634,663
634,668
634,674
634,680
634,681
634,682
634,683
634,685
634,730
634,826
634,881
634,926
634,1005
934,431
934,554
1033,450
1033,744
1033,1021
681,451
876,451
878,451
681,878
681,885
681,1006
681,1036
681,1062
876,824
876,870
876,874
876,875
876,877
876,885
876,1006
876,1012
876,1036
876,1061
876,1062
878,870
878,874
878,875
878,878
878,885
878,1006
878,1036
878,1061
878,1062
367,453
367,454
367,455
903,457
1069,457
888,457
903,489
903,522
903,612
903,613
903,673
903,707
903,915
903,928
903,929
903,930
1069,489
1069,612
1069,915
1069,928
1069,929
1069,1067
888,489
888,522
888,702
625,459
626,459
627,459
625,460
625,461
626,460
626,461
627,460
627,461
631,461
631,466
631,553
631,998
975,462
976,462
977,462
975,960
975,1022
975,1037
975,1052
976,960
976,1022
976,1037
976,1052
977,960
977,1022
977,1037
977,1052
370,463
823,463
901,463
823,890
823,952
901,576
901,597
901,649
901,650
901,890
901,951
901,952
654,465
844,465
846,465
654,474
654,475
654,492
844,634
844,637
844,654
844,701
844,706
844,715
844,718
844,900
844,901
844,905
844,984
846,634
846,637
846,654
846,701
846,706
846,715
846,718
846,884
846,900
846,901
846,905
846,955
846,1026
907,472
908,472
909,472
907,1000
908,1001
909,987
763,479
763,480
763,1029
763,1032
476,483
478,483
479,483
480,483
476,561
476,566
476,617
476,618
476,776
476,777
476,829
476,831
476,865
476,911
476,981
478,617
478,776
478,777
478,829
478,865
478,911
479,776
479,777
479,778
479,829
479,865
479,911
480,776
480,777
480,829
480,865
480,911
1011,492
1011,954
1011,960
1011,1065
439,493
441,493
439,496
439,516
439,542
439,564
439,565
439,566
439,567
439,568
439,569
439,636
439,893
439,914
439,988
441,496
441,516
441,542
441,564
441,565
441,566
441,567
441,568
441,569
441,893
441,988
441,994
438,496
438,516
438,542
438,564
438,565
438,566
438,567
438,568
438,569
438,575
438,599
438,662
438,823
438,988
459,500
459,541
459,563
459,577
459,637
459,675
459,718
459,879
459,884
459,1026
459,1028
501,500
559,500
565,500
566,500
571,500
580,500
616,500
619,500
705,500
501,541
501,563
501,577
501,578
501,663
501,675
501,684
501,706
501,821
501,825
501,826
501,867
501,879
501,880
501,881
501,1026
501,1028
501,1050
559,541
559,563
559,577
559,578
559,651
559,675
559,821
559,879
559,880
559,1026
559,1028
559,1050
565,548
565,578
565,579
565,580
565,635
565,645
565,646
565,648
565,655
565,678
565,679
565,680
565,681
565,683
565,684
565,730
565,790
565,821
565,880
565,938
565,1011
566,548
566,578
566,579
566,580
566,635
566,645
566,646
566,648
566,655
566,678
566,679
566,680
566,681
566,683
566,684
566,718
566,730
566,790
566,821
566,879
566,880
566,884
566,940
566,955
566,1011
571,548
571,578
571,579
571,580
571,635
571,645
571,646
571,648
571,655
571,678
571,679
571,680
571,681
571,683
571,684
571,701
571,730
571,790
571,821
571,880
571,973
571,984
571,1011
580,651
580,663
580,668
580,680
580,682
580,825
580,826
580,876
580,881
616,548
616,578
616,579
616,580
616,635
616,645
616,646
616,648
616,655
616,663
616,678
616,679
616,680
616,681
616,683
616,684
616,730
616,790
616,821
616,826
616,880
616,881
616,1011
619,548
619,578
619,579
619,580
619,635
619,645
619,646
619,648
619,651
619,655
619,678
619,679
619,680
619,681
619,683
619,684
619,730
619,790
619,821
619,879
619,880
619,884
705,674
705,675
705,680
705,681
705,683
705,684
705,821
705,825
705,826
705,876
705,879
705,880
705,881
705,1005
705,1050
605,511
605,512
605,513
605,986
605,1073
621,515
668,515
669,515
668,533
668,664
668,665
668,713
668,800
668,802
669,533
669,664
669,665
669,713
669,801
669,805
597,516
746,516
597,636
597,914
597,965
746,636
746,914
746,965
283,520
880,530
880,570
880,593
880,595
880,714
880,776
880,778
880,829
880,831
880,865
880,895
880,896
880,911
880,917
880,918
880,920
880,922
513,534
513,535
513,538
513,723
513,788
513,1023
558,541
855,541
940,541
987,541
1012,541
558,544
558,545
558,546
558,547
558,548
558,549
558,550
558,551
558,563
558,577
558,598
558,599
558,600
558,639
558,648
558,656
558,671
558,732
558,733
558,738
558,828
558,863
558,867
558,874
558,956
558,973
558,1011
558,1028
558,1061
855,544
855,545
855,546
855,547
855,548
855,549
855,550
855,551
855,563
855,577
855,598
855,599
855,600
855,639
855,648
855,656
855,671
855,732
855,733
855,738
855,828
855,863
855,867
855,874
855,956
855,973
855,1011
855,1028
855,1061
940,563
940,577
940,938
940,939
940,940
940,955
940,956
940,1028
987,563
987,577
987,610
987,669
987,874
987,925
987,938
987,939
987,940
987,956
987,1028
1012,545
1012,563
1012,577
1012,600
1012,867
1012,875
1012,938
1012,939
1012,956
1012,973
1012,1004
1012,1026
1012,1028
469,542
648,542
649,542
469,564
469,565
469,566
469,567
469,568
469,569
469,575
469,599
469,662
469,823
469,987
469,1000
469,1001
648,634
648,646
648,674
648,701
648,706
648,790
648,900
648,905
648,973
648,984
648,1063
649,635
649,654
649,674
649,701
649,706
649,715
649,790
649,905
649,938
649,984
649,1063
495,544
495,545
495,547
495,550
495,551
497,544
498,544
499,544
500,544
504,544
583,544
497,546
497,547
497,549
497,550
497,551
497,598
497,863
498,545
498,546
498,547
498,549
498,550
498,551
498,599
498,600
498,738
498,828
498,863
499,545
499,546
499,547
499,549
499,550
499,551
499,599
499,600
499,738
499,828
499,863
499,973
500,545
500,546
500,547
500,549
500,550
500,551
500,599
500,600
500,733
500,738
500,828
500,863
504,545
504,546
504,547
504,549
504,550
504,551
504,599
504,600
504,733
504,738
504,828
504,863
583,548
583,639
583,656
583,671
583,685
583,732
583,733
583,1005
502,545
503,545
502,546
502,547
502,549
502,550
502,551
502,600
502,828
502,863
503,546
503,547
503,549
503,550
503,600
503,828
503,863
503,973
581,546
581,548
581,549
581,639
581,656
581,671
581,685
581,732
581,733
581,863
753,547
753,548
753,550
753,599
753,656
753,671
753,733
753,738
753,828
753,905
753,1011
582,548
608,548
653,548
708,548
582,639
582,648
582,656
582,671
582,685
582,693
582,732
582,828
582,956
582,1011
608,639
608,656
608,671
608,685
608,732
608,1005
608,1011
653,671
653,732
708,639
708,656
708,671
708,685
708,732
708,733
708,905
708,1005
708,1011
897,561
897,562
897,617
897,719
683,562
683,617
683,719
683,1033
463,564
538,570
538,575
538,576
538,632
538,779
538,859
622,574
667,574
622,576
667,575
667,576
667,892
667,1007
667,1056
882,575
943,576
943,632
943,779
943,945
943,946
943,977
943,978
943,979
943,985
943,1002
943,1003
943,1063
578,579
801,579
578,580
578,588
578,651
578,663
578,668
578,674
578,680
578,681
578,682
578,683
578,685
578,826
578,881
578,968
801,580
801,588
801,639
801,663
801,668
801,674
801,680
801,681
801,682
801,683
801,685
801,826
801,881
801,905
801,968
895,588
986,588
895,589
895,685
895,826
895,881
895,1005
895,1050
986,589
986,669
986,695
986,908
986,925
986,926
802,589
802,639
802,663
802,668
802,674
802,680
802,681
802,682
802,683
802,685
802,826
802,881
802,905
802,908
464,590
464,591
464,592
926,596
931,596
1050,596
926,842
926,843
926,972
926,975
926,1014
926,1015
926,1016
926,1017
926,1022
931,842
931,954
931,961
931,962
931,972
931,975
931,1014
931,1015
931,1016
931,1017
931,1022
931,1052
931,1071
1050,842
1050,954
1050,961
1050,962
1050,975
1050,1014
1050,1015
1050,1016
1050,1017
1050,1071
579,598
707,598
579,651
579,663
579,668
579,674
579,680
579,682
579,685
579,819
579,926
707,819
707,824
707,825
707,867
707,870
707,876
707,877
707,878
707,968
707,1006
815,605
815,702
767,610
767,612
767,613
767,673
767,707
767,915
737,612
892,612
737,613
737,928
737,929
737,930
892,613
892,707
892,915
892,928
892,929
892,930
768,613
768,673
768,707
768,915
494,617
494,719
494,981
481,618
481,911
567,634
567,635
567,637
567,645
567,646
567,648
567,651
567,654
567,655
567,656
567,668
567,678
567,679
567,682
567,684
567,706
567,715
567,718
567,884
567,900
567,901
567,938
567,939
567,940
567,984
567,1026
568,634
569,634
874,634
981,634
1039,634
568,635
568,637
568,645
568,646
568,648
568,651
568,654
568,655
568,656
568,668
568,678
568,679
568,682
568,684
568,701
568,706
568,715
568,718
568,884
568,900
568,901
568,938
568,939
568,940
568,984
568,1026
569,635
569,637
569,645
569,646
569,648
569,651
569,654
569,655
569,656
569,668
569,678
569,679
569,682
569,684
569,706
569,715
569,718
569,884
569,900
569,901
569,938
569,939
569,940
569,955
569,984
569,1026
874,637
874,646
874,654
874,701
874,715
874,732
874,900
874,901
874,973
981,635
981,637
981,645
981,654
981,655
981,701
981,706
981,715
981,718
981,879
981,884
981,900
981,901
981,955
981,984
981,1026
1039,637
1039,654
1039,701
1039,715
1039,718
1039,900
1039,901
1039,984
773,638
773,644
773,686
773,704
773,721
773,723
773,820
773,834
773,849
773,898
773,899
617,648
617,656
617,663
617,678
617,679
617,685
617,706
617,938
617,939
617,940
617,984
932,669
990,669
932,675
932,1004
932,1061
932,1062
990,907
990,931
990,1004
590,678
591,678
693,678
590,679
590,730
590,790
590,827
590,956
591,679
591,730
591,790
591,823
591,827
591,956
693,679
693,730
693,790
693,956
640,688
640,689
640,691
640,692
640,693
640,694
636,688
636,689
636,691
636,692
636,693
636,694
750,690
750,823
750,827
750,869
750,883
750,886
750,957
920,698
920,708
920,944
1003,705
1003,835
1003,836
1003,838
1003,906
1003,983
1003,1075
473,713
473,942
473,1051
703,720
703,1041
313,725
394,725
875,725
313,726
313,727
313,740
313,741
313,833
313,936
394,726
394,727
394,741
394,794
394,833
394,1051
875,726
875,727
875,736
875,741
875,833
875,1047
743,733
744,733
743,738
744,738
413,735
695,758
696,758
695,760
696,760
728,761
729,761
730,761
733,761
728,762
728,763
728,764
728,765
728,830
728,903
728,969
729,762
729,763
729,764
729,765
729,845
729,903
730,762
730,763
730,764
730,765
730,830
730,969
730,970
733,762
733,763
733,764
733,765
733,845
733,969
733,970
482,778
482,911
867,779
868,779
944,779
867,780
868,780
944,945
944,946
944,977
944,978
944,979
944,985
944,1002
944,1003
944,1063
1031,788
1031,789
1031,1040
672,819
672,876
672,968
606,820
606,898
600,821
600,1050
853,822
870,822
872,822
853,927
853,974
853,1046
870,974
870,1045
870,1046
872,974
872,1046
751,823
751,827
751,869
751,883
751,886
680,824
680,875
680,877
680,885
749,826
749,881
749,907
749,1005
749,1050
706,834
1028,835
1028,836
1028,906
1028,983
1028,1075
830,835
877,835
830,836
830,838
830,906
830,983
830,1068
830,1075
877,836
877,838
877,906
877,983
877,1075
412,840
412,850
412,935
412,936
412,1018
412,1019
412,1020
412,1054
412,1059
927,842
928,842
929,842
930,842
927,843
927,844
927,961
927,962
927,972
927,975
927,1014
927,1015
927,1016
927,1017
927,1065
927,1071
928,843
928,844
928,954
928,961
928,962
928,972
928,975
928,1014
928,1015
928,1016
928,1017
928,1065
928,1071
929,843
929,844
929,961
929,962
929,972
929,975
929,1014
929,1015
929,1016
929,1017
929,1065
929,1071
930,843
930,844
930,961
930,962
930,972
930,975
930,1014
930,1015
930,1016
930,1017
930,1065
930,1071
445,892
445,893
445,894
445,1007
445,1056
445,1063
577,899
577,1048
939,925
939,938
939,939
939,940
939,971
893,928
893,929
893,930
894,929
864,942
864,986
850,956
1060,981
917,987
918,987
917,988
917,994
917,996
917,1001
917,1008
918,988
918,994
918,996
918,1001
918,1008
914,989
914,990
914,991
914,992
914,993
914,996
601,1005
379,1023
1062,1073
1062,1074
1063,1073
1063,1074
